CustomerID,Age,Gender,Tenure,Usage Frequency,Support Calls,Payment Delay,Subscription Type,Contract Length,Total Spend,Last Interaction,Churn
CUST-10000,56.0,Male,12.0,27.0,4.0,1.0,Standard,Monthly,761.35,22.0,0.0
CUST-10001,46.0,Female,37.0,13.0,1.0,1.0,Basic,Monthly,3130.78,27.0,0.0
CUST-10002,32.0,Female,28.0,19.0,4.0,1.0,Standard,Monthly,2699.87,9.0,0.0
CUST-10003,60.0,Female,20.0,21.0,3.0,5.0,Premium,Monthly,1940.7,7.0,0.0
CUST-10004,25.0,Female,39.0,24.0,3.0,17.0,Standard,Quarterly,3362.43,5.0,1.0
CUST-10005,38.0,Male,24.0,6.0,4.0,33.0,Standard,Quarterly,3402.93,29.0,0.0
CUST-10006,56.0,Male,21.0,4.0,2.0,2.0,Basic,Annual,2846.85,10.0,0.0
CUST-10007,36.0,Female,10.0,24.0,4.0,8.0,Premium,Monthly,718.44,27.0,1.0
CUST-10008,40.0,Female,46.0,27.0,1.0,6.0,Basic,Quarterly,3832.32,10.0,1.0
CUST-10009,28.0,Female,14.0,3.0,4.0,4.0,Premium,Monthly,1625.83,25.0,1.0
CUST-10010,28.0,Female,37.0,3.0,3.0,7.0,Premium,Monthly,2427.04,18.0,1.0
CUST-10011,41.0,Female,18.0,4.0,2.0,3.0,Premium,Quarterly,1291.56,7.0,0.0
CUST-10012,53.0,Male,24.0,25.0,1.0,20.0,Basic,Annual,3362.24,25.0,0.0
CUST-10013,57.0,Male,14.0,5.0,3.0,8.0,Basic,Monthly,1777.23,18.0,0.0
CUST-10014,41.0,Female,34.0,8.0,2.0,9.0,Premium,Monthly,4723.69,13.0,0.0
CUST-10015,20.0,Female,58.0,16.0,2.0,1.0,Premium,Quarterly,8120.51,11.0,0.0
CUST-10016,39.0,Male,12.0,22.0,0.0,1.0,Premium,Quarterly,1904.22,10.0,1.0
CUST-10017,19.0,Female,22.0,3.0,0.0,3.0,Standard,Monthly,1380.33,22.0,0.0
CUST-10018,41.0,Male,56.0,24.0,2.0,10.0,Standard,Quarterly,4029.26,9.0,0.0
CUST-10019,61.0,Female,6.0,12.0,3.0,19.0,Basic,Annual,676.22,15.0,0.0
CUST-10020,47.0,Male,36.0,25.0,5.0,3.0,Premium,Monthly,2568.38,14.0,1.0
CUST-10021,55.0,Male,45.0,8.0,1.0,10.0,Standard,Monthly,4643.86,3.0,0.0
CUST-10022,19.0,Female,36.0,13.0,5.0,4.0,Basic,Monthly,5017.56,24.0,0.0
CUST-10023,38.0,Male,22.0,4.0,3.0,2.0,Basic,Quarterly,3433.93,14.0,0.0
CUST-10024,50.0,Female,14.0,14.0,3.0,9.0,Standard,Monthly,2297.64,21.0,1.0
CUST-10025,29.0,Female,16.0,14.0,0.0,11.0,Standard,Annual,1853.73,16.0,0.0
CUST-10026,39.0,Female,36.0,13.0,5.0,1.0,Basic,Quarterly,4251.37,23.0,1.0
CUST-10027,61.0,Male,56.0,27.0,1.0,2.0,Basic,Monthly,4507.65,29.0,1.0
CUST-10028,42.0,Male,25.0,6.0,4.0,4.0,Basic,Monthly,2667.06,28.0,1.0
CUST-10029,66.0,Male,32.0,17.0,2.0,1.0,Basic,Quarterly,4882.83,3.0,0.0
CUST-10030,44.0,Female,33.0,4.0,4.0,18.0,Premium,Monthly,1875.12,8.0,1.0
CUST-10031,59.0,Female,45.0,8.0,0.0,6.0,Standard,Annual,5078.94,2.0,0.0
CUST-10032,45.0,Female,36.0,17.0,1.0,0.0,Standard,Monthly,5384.47,29.0,0.0
CUST-10033,33.0,Female,20.0,3.0,3.0,1.0,Premium,Monthly,1582.99,24.0,0.0
CUST-10034,32.0,Female,18.0,17.0,2.0,21.0,Basic,Quarterly,2946.46,2.0,0.0
CUST-10035,64.0,Female,38.0,9.0,0.0,9.0,Premium,Monthly,2427.85,23.0,0.0
CUST-10036,61.0,Male,3.0,2.0,2.0,9.0,Premium,Quarterly,903.55,18.0,0.0
CUST-10037,20.0,Female,23.0,25.0,5.0,0.0,Standard,Monthly,2302.21,7.0,1.0
CUST-10038,54.0,Male,32.0,13.0,4.0,15.0,Standard,Quarterly,2236.41,17.0,1.0
CUST-10039,24.0,Female,45.0,20.0,2.0,4.0,Standard,Quarterly,3375.84,6.0,0.0
CUST-10040,38.0,Female,59.0,2.0,7.0,7.0,Premium,Quarterly,7177.12,10.0,0.0
CUST-10041,26.0,Female,16.0,20.0,1.0,22.0,Basic,Quarterly,2373.92,7.0,0.0
CUST-10042,56.0,Male,59.0,28.0,4.0,0.0,Basic,Monthly,7225.79,4.0,0.0
CUST-10043,35.0,Male,5.0,11.0,2.0,4.0,Premium,Monthly,1130.81,11.0,0.0
CUST-10044,21.0,Male,4.0,27.0,4.0,0.0,Premium,Monthly,1009.8,16.0,0.0
CUST-10045,42.0,Male,21.0,26.0,2.0,4.0,Standard,Monthly,1386.62,27.0,0.0
CUST-10046,31.0,Male,40.0,22.0,4.0,2.0,Basic,Annual,4911.17,17.0,1.0
CUST-10047,67.0,Female,51.0,15.0,3.0,16.0,Basic,Monthly,4594.5,28.0,1.0
CUST-10048,26.0,Female,14.0,11.0,3.0,3.0,Standard,Quarterly,1525.54,6.0,0.0
CUST-10049,43.0,Male,39.0,23.0,3.0,7.0,Premium,Monthly,2707.56,20.0,0.0
CUST-10050,19.0,Male,31.0,3.0,3.0,13.0,Basic,Quarterly,2725.7,19.0,1.0
CUST-10051,37.0,Male,14.0,3.0,2.0,28.0,Standard,Quarterly,1738.59,20.0,1.0
CUST-10052,45.0,Female,6.0,28.0,2.0,4.0,Premium,Monthly,488.9,22.0,0.0
CUST-10053,64.0,Female,12.0,26.0,0.0,4.0,Basic,Quarterly,1599.74,21.0,0.0
CUST-10054,24.0,Female,16.0,12.0,0.0,0.0,Premium,Monthly,2573.31,18.0,0.0
CUST-10055,61.0,Female,17.0,24.0,1.0,0.0,Basic,Monthly,990.83,15.0,0.0
CUST-10056,25.0,Female,45.0,5.0,3.0,6.0,Premium,Quarterly,6022.52,2.0,0.0
CUST-10057,64.0,Female,23.0,20.0,3.0,0.0,Premium,Monthly,2951.87,19.0,0.0
CUST-10058,52.0,Male,14.0,7.0,2.0,3.0,Basic,Quarterly,1137.0,27.0,0.0
CUST-10059,31.0,Female,7.0,7.0,0.0,0.0,Premium,Monthly,976.85,6.0,0.0
CUST-10060,34.0,Male,46.0,13.0,3.0,6.0,Premium,Quarterly,3681.68,12.0,0.0
CUST-10061,53.0,Female,32.0,9.0,5.0,3.0,Premium,Monthly,2526.13,1.0,1.0
CUST-10062,67.0,Male,15.0,25.0,2.0,0.0,Standard,Quarterly,952.96,27.0,1.0
CUST-10063,57.0,Female,44.0,21.0,1.0,2.0,Standard,Annual,4669.86,23.0,0.0
CUST-10064,21.0,Female,17.0,13.0,3.0,5.0,Basic,Monthly,2041.12,24.0,1.0
CUST-10065,19.0,Female,41.0,12.0,3.0,7.0,Basic,Monthly,3547.19,23.0,0.0
CUST-10066,23.0,Female,54.0,13.0,3.0,4.0,Standard,Annual,3670.67,11.0,0.0
CUST-10067,59.0,Male,47.0,24.0,3.0,11.0,Basic,Monthly,6391.46,19.0,1.0
CUST-10068,21.0,Male,44.0,10.0,2.0,0.0,Standard,Quarterly,6533.44,22.0,1.0
CUST-10069,46.0,Male,34.0,1.0,2.0,0.0,Standard,Annual,3996.25,4.0,0.0
CUST-10070,35.0,Male,5.0,25.0,3.0,0.0,Premium,Quarterly,461.02,21.0,1.0
CUST-10071,43.0,Female,45.0,8.0,0.0,5.0,Premium,Monthly,2869.3,19.0,0.0
CUST-10072,61.0,Male,27.0,22.0,3.0,8.0,Basic,Monthly,4171.35,21.0,0.0
CUST-10073,51.0,Female,52.0,16.0,3.0,0.0,Standard,Monthly,3193.43,6.0,0.0
CUST-10074,27.0,Female,23.0,13.0,2.0,7.0,Premium,Monthly,1272.88,8.0,0.0
CUST-10075,53.0,Female,40.0,3.0,1.0,4.0,Basic,Monthly,3966.29,28.0,0.0
CUST-10076,31.0,Male,59.0,3.0,3.0,30.0,Basic,Quarterly,7753.91,22.0,1.0
CUST-10077,48.0,Female,14.0,24.0,4.0,8.0,Premium,Monthly,1724.95,9.0,0.0
CUST-10078,65.0,Female,15.0,5.0,3.0,7.0,Basic,Annual,973.63,10.0,0.0
CUST-10079,32.0,Male,43.0,26.0,5.0,5.0,Premium,Annual,5187.8,10.0,0.0
CUST-10080,25.0,Female,33.0,11.0,3.0,41.0,Premium,Annual,4254.06,10.0,1.0
CUST-10081,31.0,Female,53.0,7.0,3.0,27.0,Standard,Monthly,6503.58,26.0,1.0
CUST-10082,40.0,Male,31.0,21.0,3.0,5.0,Premium,Quarterly,2524.0,4.0,1.0
CUST-10083,57.0,Female,35.0,24.0,1.0,4.0,Basic,Monthly,4710.58,18.0,1.0
CUST-10084,38.0,Male,17.0,10.0,1.0,4.0,Premium,Monthly,2055.85,12.0,0.0
CUST-10085,33.0,Male,28.0,10.0,4.0,3.0,Premium,Quarterly,3040.35,25.0,0.0
CUST-10086,62.0,Male,19.0,20.0,1.0,5.0,Basic,Annual,2391.19,11.0,0.0
CUST-10087,35.0,Male,46.0,2.0,2.0,2.0,Standard,Monthly,3773.08,16.0,0.0
CUST-10088,64.0,Male,54.0,3.0,4.0,18.0,Standard,Monthly,4144.78,19.0,0.0
CUST-10089,41.0,Male,23.0,8.0,5.0,4.0,Basic,Monthly,1426.43,11.0,0.0
CUST-10090,43.0,Female,32.0,11.0,2.0,12.0,Premium,Quarterly,3285.1,23.0,0.0
CUST-10091,42.0,Female,40.0,13.0,4.0,4.0,Standard,Annual,4163.6,4.0,0.0
CUST-10092,62.0,Female,13.0,7.0,2.0,8.0,Standard,Monthly,1678.64,12.0,1.0
CUST-10093,58.0,Male,59.0,13.0,3.0,2.0,Basic,Monthly,3642.09,28.0,0.0
CUST-10094,46.0,Male,20.0,2.0,2.0,6.0,Standard,Annual,3204.19,17.0,0.0
CUST-10095,32.0,Female,35.0,6.0,1.0,4.0,Premium,Monthly,3057.17,24.0,0.0
CUST-10096,62.0,Male,5.0,9.0,4.0,3.0,Standard,Quarterly,664.23,13.0,0.0
CUST-10097,18.0,Male,9.0,20.0,2.0,14.0,Premium,Monthly,587.19,28.0,1.0
CUST-10098,42.0,Female,29.0,25.0,4.0,0.0,Standard,Monthly,3657.04,4.0,0.0
CUST-10099,24.0,Male,6.0,2.0,2.0,4.0,Basic,Quarterly,923.65,27.0,1.0
CUST-10100,26.0,Female,25.0,18.0,2.0,1.0,Standard,Quarterly,4048.08,6.0,0.0
CUST-10101,41.0,Female,31.0,16.0,2.0,13.0,Basic,Monthly,2870.39,7.0,0.0
CUST-10102,18.0,Male,22.0,25.0,3.0,2.0,Basic,Monthly,1928.73,8.0,0.0
CUST-10103,61.0,Male,2.0,12.0,1.0,7.0,Basic,Monthly,434.36,26.0,1.0
CUST-10104,25.0,Female,45.0,7.0,2.0,1.0,Premium,Quarterly,5633.06,2.0,0.0
CUST-10105,41.0,Male,5.0,7.0,4.0,3.0,Premium,Annual,999.3,9.0,0.0
CUST-10106,28.0,Male,27.0,17.0,3.0,16.0,Basic,Annual,2092.36,10.0,0.0
CUST-10107,34.0,Female,25.0,13.0,1.0,1.0,Basic,Monthly,3464.77,29.0,0.0
CUST-10108,25.0,Male,8.0,11.0,3.0,7.0,Basic,Annual,701.05,19.0,0.0
CUST-10109,52.0,Female,55.0,6.0,5.0,1.0,Premium,Monthly,5573.43,1.0,1.0
CUST-10110,52.0,Female,1.0,29.0,2.0,3.0,Standard,Monthly,181.87,16.0,0.0
CUST-10111,50.0,Male,20.0,23.0,1.0,5.0,Standard,Quarterly,2658.85,18.0,0.0
CUST-10112,22.0,Male,44.0,27.0,0.0,6.0,Standard,Monthly,4908.06,8.0,0.0
CUST-10113,59.0,Male,23.0,14.0,5.0,6.0,Standard,Monthly,1514.81,10.0,0.0
CUST-10114,56.0,Male,32.0,6.0,4.0,7.0,Basic,Monthly,2920.33,22.0,0.0
CUST-10115,58.0,Male,11.0,6.0,0.0,2.0,Basic,Quarterly,1187.44,11.0,0.0
CUST-10116,45.0,Female,39.0,2.0,3.0,3.0,Basic,Quarterly,3304.85,17.0,0.0
CUST-10117,24.0,Male,47.0,22.0,2.0,0.0,Standard,Monthly,2885.8,27.0,0.0
CUST-10118,26.0,Female,54.0,20.0,3.0,10.0,Premium,Annual,4908.77,25.0,0.0
CUST-10119,25.0,Female,24.0,25.0,3.0,12.0,Basic,Quarterly,3381.24,7.0,0.0
CUST-10120,29.0,Female,11.0,15.0,2.0,1.0,Basic,Quarterly,1238.14,26.0,0.0
CUST-10121,51.0,Female,29.0,28.0,4.0,1.0,Premium,Monthly,2548.4,27.0,0.0
CUST-10122,50.0,Male,54.0,17.0,5.0,0.0,Basic,Monthly,8008.93,3.0,0.0
CUST-10123,65.0,Female,26.0,29.0,3.0,24.0,Basic,Monthly,1470.33,29.0,1.0
CUST-10124,40.0,Female,16.0,8.0,1.0,11.0,Premium,Quarterly,2387.83,7.0,0.0
CUST-10125,41.0,Male,35.0,5.0,0.0,3.0,Standard,Quarterly,3631.06,6.0,0.0
CUST-10126,54.0,Male,20.0,17.0,3.0,4.0,Standard,Annual,3182.09,3.0,0.0
CUST-10127,52.0,Female,46.0,20.0,1.0,2.0,Premium,Monthly,4274.71,8.0,0.0
CUST-10128,61.0,Male,3.0,1.0,0.0,6.0,Standard,Monthly,691.88,1.0,0.0
CUST-10129,57.0,Male,1.0,22.0,0.0,8.0,Basic,Monthly,308.41,5.0,0.0
CUST-10130,39.0,Male,58.0,18.0,5.0,4.0,Standard,Monthly,8553.72,24.0,0.0
CUST-10131,44.0,Male,53.0,15.0,2.0,14.0,Standard,Quarterly,4950.25,19.0,0.0
CUST-10132,52.0,Female,47.0,5.0,7.0,5.0,Premium,Annual,5180.59,27.0,0.0
CUST-10133,18.0,Female,1.0,7.0,0.0,1.0,Premium,Quarterly,231.7,13.0,0.0
CUST-10134,52.0,Female,17.0,18.0,4.0,6.0,Basic,Quarterly,2734.21,26.0,0.0
CUST-10135,54.0,Male,2.0,6.0,4.0,4.0,Standard,Quarterly,494.6,11.0,1.0
CUST-10136,64.0,Male,29.0,22.0,1.0,19.0,Basic,Monthly,2014.22,28.0,0.0
CUST-10137,31.0,Male,20.0,21.0,3.0,3.0,Basic,Annual,1735.42,22.0,0.0
CUST-10138,20.0,Male,6.0,5.0,1.0,3.0,Standard,Quarterly,717.45,26.0,0.0
CUST-10139,18.0,Male,8.0,19.0,2.0,7.0,Standard,Monthly,992.93,11.0,1.0
CUST-10140,22.0,Female,29.0,10.0,3.0,5.0,Standard,Quarterly,2464.19,2.0,0.0
CUST-10141,43.0,Male,48.0,15.0,2.0,3.0,Standard,Quarterly,7581.2,9.0,0.0
CUST-10142,31.0,Female,51.0,10.0,2.0,32.0,Premium,Monthly,6071.06,2.0,1.0
CUST-10143,56.0,Male,33.0,27.0,4.0,2.0,Premium,Monthly,4877.39,21.0,0.0
CUST-10144,44.0,Male,3.0,16.0,2.0,2.0,Standard,Monthly,714.35,19.0,1.0
CUST-10145,26.0,Male,35.0,12.0,0.0,13.0,Basic,Monthly,4475.02,26.0,0.0
CUST-10146,32.0,Female,5.0,18.0,0.0,0.0,Premium,Monthly,975.6,12.0,0.0
CUST-10147,32.0,Female,27.0,23.0,5.0,1.0,Premium,Quarterly,2354.58,9.0,0.0
CUST-10148,43.0,Female,44.0,1.0,3.0,6.0,Basic,Monthly,4742.87,9.0,0.0
CUST-10149,59.0,Male,12.0,16.0,1.0,1.0,Standard,Quarterly,1492.38,23.0,0.0
CUST-10150,30.0,Male,20.0,22.0,5.0,29.0,Premium,Annual,3013.5,10.0,1.0
CUST-10151,49.0,Female,45.0,6.0,2.0,4.0,Standard,Quarterly,4601.08,5.0,0.0
CUST-10152,56.0,Male,20.0,3.0,3.0,6.0,Standard,Quarterly,2681.39,9.0,0.0
CUST-10153,66.0,Female,9.0,2.0,1.0,1.0,Basic,Annual,1546.93,23.0,0.0
CUST-10154,49.0,Male,39.0,28.0,2.0,2.0,Standard,Quarterly,4212.83,18.0,0.0
CUST-10155,21.0,Male,4.0,2.0,3.0,6.0,Standard,Monthly,607.76,10.0,0.0
CUST-10156,47.0,Male,51.0,13.0,1.0,5.0,Basic,Monthly,4413.97,17.0,0.0
CUST-10157,54.0,Male,54.0,9.0,2.0,10.0,Standard,Quarterly,3368.37,26.0,0.0
CUST-10158,40.0,Female,19.0,16.0,1.0,2.0,Basic,Quarterly,2686.15,10.0,0.0
CUST-10159,56.0,Male,38.0,27.0,1.0,7.0,Standard,Annual,5877.91,14.0,0.0
CUST-10160,62.0,Male,27.0,5.0,3.0,2.0,Premium,Quarterly,2292.05,4.0,0.0
CUST-10161,32.0,Male,45.0,23.0,4.0,6.0,Standard,Annual,6629.84,10.0,0.0
CUST-10162,60.0,Male,43.0,28.0,1.0,6.0,Standard,Monthly,3424.29,24.0,0.0
CUST-10163,46.0,Female,13.0,21.0,2.0,0.0,Standard,Quarterly,1838.61,22.0,1.0
CUST-10164,53.0,Female,13.0,7.0,2.0,5.0,Basic,Annual,1380.15,18.0,0.0
CUST-10165,30.0,Female,57.0,13.0,2.0,0.0,Premium,Monthly,3986.59,5.0,0.0
CUST-10166,49.0,Female,22.0,20.0,0.0,4.0,Basic,Monthly,1273.61,9.0,0.0
CUST-10167,24.0,Male,28.0,24.0,3.0,8.0,Basic,Monthly,2797.4,6.0,1.0
CUST-10168,39.0,Female,52.0,29.0,3.0,0.0,Standard,Quarterly,3178.41,16.0,0.0
CUST-10169,45.0,Male,47.0,27.0,2.0,19.0,Standard,Monthly,3198.17,22.0,0.0
CUST-10170,19.0,Male,53.0,26.0,1.0,4.0,Basic,Quarterly,3710.93,23.0,0.0
CUST-10171,59.0,Female,45.0,13.0,2.0,19.0,Basic,Monthly,2328.5,16.0,0.0
CUST-10172,62.0,Male,22.0,27.0,3.0,0.0,Premium,Monthly,1554.46,29.0,0.0
CUST-10173,23.0,Female,43.0,26.0,1.0,20.0,Basic,Annual,5097.31,11.0,0.0
CUST-10174,45.0,Male,19.0,7.0,2.0,0.0,Basic,Monthly,2661.91,21.0,0.0
CUST-10175,45.0,Female,8.0,10.0,2.0,4.0,Basic,Monthly,1051.57,15.0,0.0
CUST-10176,61.0,Female,52.0,15.0,1.0,19.0,Basic,Monthly,3376.35,19.0,1.0
CUST-10177,61.0,Female,8.0,21.0,3.0,1.0,Standard,Quarterly,1233.57,3.0,0.0
CUST-10178,37.0,Female,42.0,27.0,5.0,0.0,Standard,Monthly,2598.31,16.0,0.0
CUST-10179,47.0,Female,26.0,6.0,0.0,11.0,Premium,Quarterly,3616.57,21.0,0.0
CUST-10180,28.0,Male,48.0,5.0,8.0,6.0,Basic,Annual,3272.4,20.0,0.0
CUST-10181,45.0,Female,51.0,23.0,3.0,5.0,Basic,Monthly,3795.12,5.0,1.0
CUST-10182,42.0,Male,26.0,28.0,2.0,0.0,Basic,Monthly,2052.92,9.0,1.0
CUST-10183,56.0,Female,23.0,2.0,5.0,7.0,Basic,Monthly,2113.15,5.0,0.0
CUST-10184,50.0,Female,43.0,21.0,1.0,1.0,Basic,Quarterly,5987.99,4.0,0.0
CUST-10185,18.0,Female,13.0,15.0,6.0,18.0,Basic,Monthly,1207.49,13.0,1.0
CUST-10186,44.0,Male,28.0,26.0,2.0,8.0,Basic,Quarterly,4357.75,20.0,0.0
CUST-10187,30.0,Male,9.0,16.0,3.0,8.0,Standard,Annual,1180.87,17.0,0.0
CUST-10188,58.0,Female,20.0,19.0,1.0,1.0,Basic,Monthly,2894.94,26.0,1.0
CUST-10189,20.0,Male,56.0,9.0,1.0,14.0,Basic,Quarterly,4020.96,20.0,0.0
CUST-10190,56.0,Male,19.0,29.0,1.0,5.0,Basic,Monthly,1377.96,12.0,0.0
CUST-10191,23.0,Male,48.0,22.0,8.0,13.0,Basic,Quarterly,5213.38,20.0,0.0
CUST-10192,25.0,Female,39.0,29.0,1.0,2.0,Standard,Monthly,2436.91,25.0,0.0
CUST-10193,44.0,Female,51.0,26.0,2.0,9.0,Basic,Quarterly,6701.88,27.0,0.0
CUST-10194,26.0,Male,12.0,19.0,5.0,5.0,Basic,Quarterly,1259.16,20.0,1.0
CUST-10195,54.0,Male,15.0,7.0,3.0,0.0,Basic,Monthly,1953.53,7.0,1.0
CUST-10196,50.0,Male,31.0,4.0,3.0,3.0,Basic,Quarterly,2436.26,1.0,0.0
CUST-10197,59.0,Female,55.0,3.0,4.0,1.0,Premium,Quarterly,6543.93,16.0,0.0
CUST-10198,61.0,Female,14.0,24.0,4.0,3.0,Premium,Monthly,1787.98,7.0,1.0
CUST-10199,41.0,Male,11.0,29.0,6.0,3.0,Basic,Annual,1777.02,2.0,1.0
CUST-10200,32.0,Male,26.0,20.0,2.0,4.0,Standard,Monthly,2328.77,12.0,0.0
CUST-10201,49.0,Male,42.0,11.0,2.0,6.0,Basic,Quarterly,6226.12,11.0,1.0
CUST-10202,49.0,Female,27.0,1.0,1.0,5.0,Basic,Monthly,4428.62,8.0,0.0
CUST-10203,41.0,Female,11.0,6.0,3.0,0.0,Basic,Quarterly,1558.67,1.0,0.0
CUST-10204,58.0,Male,38.0,26.0,6.0,9.0,Premium,Monthly,4261.16,26.0,1.0
CUST-10205,66.0,Male,34.0,11.0,2.0,20.0,Basic,Monthly,3453.21,3.0,0.0
CUST-10206,66.0,Male,43.0,27.0,4.0,3.0,Premium,Monthly,2801.63,8.0,0.0
CUST-10207,29.0,Female,19.0,1.0,3.0,1.0,Standard,Quarterly,3167.12,26.0,0.0
CUST-10208,56.0,Male,6.0,21.0,1.0,5.0,Basic,Quarterly,941.8,8.0,0.0
CUST-10209,19.0,Female,46.0,7.0,2.0,8.0,Premium,Quarterly,2755.08,11.0,0.0
CUST-10210,20.0,Female,52.0,6.0,3.0,7.0,Premium,Annual,4829.93,29.0,0.0
CUST-10211,66.0,Male,38.0,14.0,1.0,6.0,Premium,Annual,5390.47,21.0,0.0
CUST-10212,54.0,Male,49.0,2.0,4.0,1.0,Standard,Quarterly,2946.92,5.0,0.0
CUST-10213,66.0,Male,42.0,27.0,3.0,12.0,Basic,Quarterly,3312.94,8.0,0.0
CUST-10214,34.0,Female,28.0,4.0,5.0,3.0,Basic,Monthly,4302.57,26.0,1.0
CUST-10215,66.0,Female,1.0,11.0,2.0,1.0,Basic,Annual,185.48,21.0,0.0
CUST-10216,19.0,Female,35.0,15.0,3.0,0.0,Standard,Annual,5092.83,9.0,0.0
CUST-10217,19.0,Female,40.0,18.0,5.0,3.0,Premium,Monthly,2632.6,17.0,0.0
CUST-10218,45.0,Male,8.0,27.0,2.0,6.0,Standard,Quarterly,731.19,5.0,0.0
CUST-10219,40.0,Female,59.0,1.0,8.0,7.0,Premium,Annual,6722.72,19.0,0.0
CUST-10220,54.0,Female,52.0,3.0,4.0,23.0,Basic,Monthly,5381.17,19.0,1.0
CUST-10221,49.0,Male,54.0,3.0,1.0,1.0,Standard,Monthly,4775.89,2.0,0.0
CUST-10222,50.0,Female,47.0,28.0,4.0,29.0,Premium,Monthly,6658.72,19.0,1.0
CUST-10223,18.0,Female,56.0,7.0,3.0,7.0,Standard,Monthly,8108.17,23.0,0.0
CUST-10224,36.0,Female,7.0,1.0,1.0,4.0,Standard,Monthly,1035.02,15.0,0.0
CUST-10225,19.0,Female,11.0,25.0,1.0,15.0,Standard,Monthly,1166.97,8.0,0.0
CUST-10226,61.0,Female,39.0,11.0,0.0,8.0,Standard,Monthly,2720.63,28.0,0.0
CUST-10227,43.0,Female,4.0,6.0,5.0,3.0,Premium,Annual,590.69,24.0,0.0
CUST-10228,49.0,Male,25.0,20.0,1.0,15.0,Standard,Monthly,1899.29,27.0,0.0
CUST-10229,23.0,Male,12.0,3.0,2.0,7.0,Basic,Monthly,1631.05,8.0,0.0
CUST-10230,49.0,Female,26.0,19.0,1.0,8.0,Standard,Monthly,2555.53,1.0,0.0
CUST-10231,21.0,Male,38.0,2.0,2.0,15.0,Basic,Monthly,5486.52,14.0,0.0
CUST-10232,28.0,Male,46.0,18.0,3.0,4.0,Standard,Annual,4094.97,11.0,0.0
CUST-10233,34.0,Male,12.0,12.0,4.0,7.0,Basic,Annual,1507.49,7.0,0.0
CUST-10234,55.0,Male,43.0,29.0,1.0,9.0,Premium,Quarterly,5721.07,18.0,0.0
CUST-10235,41.0,Female,51.0,10.0,3.0,4.0,Premium,Monthly,5950.53,27.0,0.0
CUST-10236,22.0,Female,53.0,5.0,2.0,0.0,Basic,Quarterly,7849.02,15.0,0.0
CUST-10237,51.0,Male,37.0,9.0,0.0,10.0,Basic,Monthly,4330.74,10.0,0.0
CUST-10238,23.0,Male,46.0,2.0,4.0,0.0,Standard,Monthly,6753.35,4.0,0.0
CUST-10239,39.0,Male,53.0,2.0,5.0,8.0,Premium,Monthly,4320.76,21.0,0.0
CUST-10240,28.0,Female,24.0,28.0,1.0,16.0,Basic,Annual,2965.88,28.0,0.0
CUST-10241,65.0,Female,16.0,6.0,3.0,2.0,Basic,Monthly,2061.26,1.0,0.0
CUST-10242,33.0,Male,57.0,29.0,3.0,0.0,Standard,Quarterly,8552.62,14.0,0.0
CUST-10243,50.0,Female,13.0,10.0,4.0,1.0,Standard,Monthly,1267.65,20.0,1.0
CUST-10244,26.0,Female,25.0,18.0,2.0,5.0,Basic,Monthly,1876.28,20.0,1.0
CUST-10245,23.0,Female,54.0,12.0,4.0,20.0,Standard,Quarterly,6311.27,25.0,1.0
CUST-10246,33.0,Female,54.0,4.0,1.0,5.0,Premium,Monthly,4125.77,9.0,0.0
CUST-10247,46.0,Male,57.0,22.0,4.0,0.0,Basic,Annual,6864.5,13.0,0.0
CUST-10248,20.0,Female,52.0,21.0,1.0,6.0,Standard,Monthly,8010.19,29.0,0.0
CUST-10249,37.0,Male,54.0,17.0,1.0,9.0,Basic,Monthly,8121.9,27.0,0.0
CUST-10250,53.0,Female,4.0,15.0,2.0,3.0,Basic,Quarterly,730.16,26.0,0.0
CUST-10251,36.0,Female,11.0,6.0,0.0,8.0,Basic,Quarterly,833.84,17.0,1.0
CUST-10252,43.0,Female,32.0,16.0,2.0,2.0,Standard,Monthly,3579.83,24.0,0.0
CUST-10253,20.0,Female,49.0,17.0,1.0,10.0,Premium,Quarterly,5598.02,20.0,0.0
CUST-10254,36.0,Male,7.0,3.0,1.0,2.0,Standard,Quarterly,1294.95,4.0,0.0
CUST-10255,37.0,Female,46.0,10.0,1.0,2.0,Basic,Monthly,5793.24,5.0,0.0
CUST-10256,49.0,Female,58.0,5.0,1.0,14.0,Basic,Annual,6587.24,18.0,0.0
CUST-10257,24.0,Female,11.0,14.0,4.0,5.0,Standard,Monthly,1139.58,17.0,0.0
CUST-10258,58.0,Male,28.0,26.0,4.0,2.0,Basic,Monthly,4066.52,21.0,1.0
CUST-10259,50.0,Male,54.0,29.0,3.0,19.0,Basic,Quarterly,3568.75,7.0,0.0
CUST-10260,57.0,Male,41.0,21.0,2.0,8.0,Standard,Monthly,2320.75,10.0,0.0
CUST-10261,56.0,Female,23.0,13.0,3.0,1.0,Premium,Quarterly,3351.29,9.0,0.0
CUST-10262,35.0,Female,45.0,26.0,0.0,6.0,Basic,Monthly,4995.01,28.0,0.0
CUST-10263,57.0,Male,23.0,6.0,2.0,14.0,Standard,Monthly,3085.66,28.0,1.0
CUST-10264,18.0,Female,50.0,12.0,7.0,8.0,Basic,Annual,4571.21,13.0,0.0
CUST-10265,28.0,Female,28.0,26.0,0.0,1.0,Standard,Quarterly,1799.06,18.0,0.0
CUST-10266,45.0,Female,43.0,8.0,0.0,7.0,Standard,Quarterly,3770.83,12.0,0.0
CUST-10267,42.0,Female,47.0,5.0,8.0,6.0,Premium,Monthly,5412.98,8.0,1.0
CUST-10268,67.0,Female,57.0,15.0,4.0,12.0,Standard,Monthly,4473.08,23.0,0.0
CUST-10269,40.0,Female,26.0,27.0,6.0,1.0,Basic,Quarterly,3246.22,18.0,0.0
CUST-10270,48.0,Male,25.0,16.0,2.0,8.0,Basic,Annual,3387.0,5.0,0.0
CUST-10271,47.0,Female,54.0,1.0,4.0,0.0,Basic,Monthly,5369.17,7.0,0.0
CUST-10272,59.0,Female,29.0,16.0,4.0,8.0,Standard,Monthly,4389.72,15.0,1.0
CUST-10273,52.0,Female,19.0,5.0,3.0,22.0,Premium,Monthly,2725.26,3.0,1.0
CUST-10274,24.0,Female,33.0,3.0,3.0,1.0,Standard,Monthly,4951.88,18.0,0.0
CUST-10275,33.0,Female,36.0,20.0,3.0,2.0,Standard,Quarterly,4542.76,6.0,0.0
CUST-10276,43.0,Male,14.0,15.0,3.0,6.0,Basic,Monthly,1482.29,26.0,0.0
CUST-10277,65.0,Male,14.0,13.0,3.0,9.0,Standard,Monthly,1637.39,29.0,1.0
CUST-10278,66.0,Male,35.0,24.0,3.0,2.0,Basic,Monthly,4622.44,6.0,1.0
CUST-10279,19.0,Male,30.0,16.0,7.0,7.0,Basic,Monthly,2187.77,27.0,1.0
CUST-10280,18.0,Female,28.0,23.0,2.0,16.0,Standard,Monthly,3656.29,20.0,0.0
CUST-10281,65.0,Female,17.0,11.0,2.0,9.0,Premium,Annual,2137.36,1.0,0.0
CUST-10282,29.0,Male,3.0,21.0,2.0,8.0,Basic,Quarterly,673.09,21.0,0.0
CUST-10283,22.0,Male,16.0,2.0,4.0,3.0,Standard,Monthly,1742.79,17.0,1.0
CUST-10284,54.0,Female,46.0,22.0,2.0,16.0,Premium,Quarterly,2886.66,11.0,0.0
CUST-10285,49.0,Male,30.0,27.0,3.0,2.0,Basic,Quarterly,2008.65,27.0,0.0
CUST-10286,26.0,Female,52.0,6.0,2.0,1.0,Premium,Monthly,7664.66,24.0,0.0
CUST-10287,58.0,Female,29.0,26.0,3.0,3.0,Basic,Monthly,2931.17,2.0,0.0
CUST-10288,52.0,Female,45.0,26.0,4.0,7.0,Basic,Monthly,4983.1,25.0,0.0
CUST-10289,36.0,Male,15.0,27.0,1.0,13.0,Basic,Monthly,1221.84,9.0,0.0
CUST-10290,65.0,Male,46.0,6.0,3.0,0.0,Basic,Annual,5201.93,19.0,0.0
CUST-10291,33.0,Female,56.0,14.0,3.0,11.0,Standard,Monthly,3934.66,6.0,0.0
CUST-10292,20.0,Female,25.0,25.0,5.0,11.0,Premium,Annual,3508.63,25.0,1.0
CUST-10293,37.0,Male,51.0,11.0,2.0,6.0,Basic,Quarterly,7224.24,7.0,0.0
CUST-10294,41.0,Female,38.0,8.0,2.0,10.0,Basic,Monthly,5641.57,4.0,0.0
CUST-10295,50.0,Male,42.0,8.0,4.0,1.0,Basic,Annual,3000.29,3.0,0.0
CUST-10296,41.0,Female,59.0,1.0,4.0,1.0,Standard,Monthly,6382.62,2.0,0.0
CUST-10297,28.0,Male,47.0,21.0,0.0,13.0,Basic,Monthly,6288.7,10.0,0.0
CUST-10298,66.0,Female,53.0,7.0,5.0,4.0,Standard,Quarterly,3661.15,10.0,0.0
CUST-10299,25.0,Male,54.0,6.0,3.0,1.0,Standard,Monthly,3532.25,17.0,0.0
CUST-10300,53.0,Male,52.0,21.0,1.0,8.0,Standard,Monthly,6902.39,27.0,0.0
CUST-10301,55.0,Male,58.0,8.0,2.0,15.0,Premium,Quarterly,7747.35,16.0,0.0
CUST-10302,57.0,Male,38.0,19.0,1.0,7.0,Basic,Annual,4063.04,26.0,0.0
CUST-10303,37.0,Female,23.0,22.0,5.0,2.0,Premium,Monthly,1856.6,27.0,0.0
CUST-10304,52.0,Female,25.0,21.0,3.0,4.0,Basic,Monthly,2682.07,1.0,0.0
CUST-10305,65.0,Male,42.0,24.0,2.0,9.0,Basic,Quarterly,3980.06,12.0,0.0
CUST-10306,42.0,Male,7.0,20.0,2.0,0.0,Premium,Quarterly,1015.15,20.0,0.0
CUST-10307,52.0,Female,22.0,8.0,1.0,1.0,Standard,Monthly,2501.52,20.0,0.0
CUST-10308,42.0,Female,17.0,26.0,1.0,4.0,Premium,Annual,2105.87,25.0,0.0
CUST-10309,46.0,Female,18.0,14.0,3.0,6.0,Basic,Quarterly,2694.52,10.0,1.0
CUST-10310,35.0,Male,49.0,18.0,1.0,2.0,Premium,Quarterly,6656.39,1.0,0.0
CUST-10311,63.0,Male,41.0,25.0,3.0,2.0,Basic,Annual,5189.72,16.0,0.0
CUST-10312,35.0,Female,10.0,29.0,2.0,0.0,Basic,Annual,1078.11,11.0,0.0
CUST-10313,19.0,Male,10.0,16.0,5.0,0.0,Basic,Monthly,1342.05,4.0,0.0
CUST-10314,52.0,Female,57.0,9.0,1.0,2.0,Premium,Monthly,3679.93,3.0,0.0
CUST-10315,33.0,Male,7.0,15.0,0.0,5.0,Standard,Quarterly,830.4,25.0,0.0
CUST-10316,58.0,Female,48.0,26.0,7.0,5.0,Standard,Annual,7210.92,13.0,0.0
CUST-10317,53.0,Male,50.0,10.0,4.0,4.0,Basic,Quarterly,6147.63,21.0,0.0
CUST-10318,50.0,Female,38.0,29.0,0.0,3.0,Basic,Monthly,2575.63,15.0,0.0
CUST-10319,21.0,Male,27.0,22.0,4.0,2.0,Basic,Quarterly,2309.01,25.0,1.0
CUST-10320,50.0,Female,52.0,16.0,1.0,3.0,Standard,Monthly,3355.08,10.0,0.0
CUST-10321,31.0,Male,33.0,4.0,0.0,1.0,Standard,Annual,2667.92,6.0,0.0
CUST-10322,38.0,Female,1.0,20.0,3.0,0.0,Standard,Monthly,211.24,11.0,0.0
CUST-10323,65.0,Female,44.0,13.0,4.0,2.0,Premium,Annual,3986.84,25.0,0.0
CUST-10324,37.0,Female,53.0,22.0,2.0,37.0,Basic,Monthly,3996.92,1.0,1.0
CUST-10325,25.0,Female,34.0,5.0,3.0,2.0,Basic,Annual,2394.11,29.0,1.0
CUST-10326,24.0,Female,4.0,22.0,6.0,19.0,Standard,Monthly,925.16,20.0,1.0
CUST-10327,20.0,Female,17.0,7.0,3.0,3.0,Standard,Quarterly,2142.68,4.0,0.0
CUST-10328,34.0,Male,4.0,23.0,2.0,4.0,Standard,Annual,1028.14,26.0,0.0
CUST-10329,50.0,Female,43.0,9.0,1.0,11.0,Premium,Quarterly,3018.03,10.0,0.0
CUST-10330,65.0,Female,54.0,8.0,1.0,0.0,Standard,Quarterly,7506.58,22.0,0.0
CUST-10331,29.0,Male,26.0,29.0,1.0,1.0,Basic,Monthly,3228.38,26.0,0.0
CUST-10332,39.0,Male,4.0,16.0,4.0,25.0,Basic,Monthly,546.7,15.0,1.0
CUST-10333,39.0,Male,1.0,6.0,2.0,4.0,Premium,Annual,245.2,29.0,0.0
CUST-10334,63.0,Female,7.0,28.0,2.0,0.0,Standard,Monthly,1122.28,1.0,1.0
CUST-10335,47.0,Female,30.0,16.0,3.0,0.0,Basic,Quarterly,3323.29,26.0,0.0
CUST-10336,55.0,Female,50.0,6.0,1.0,16.0,Basic,Quarterly,3208.44,21.0,0.0
CUST-10337,55.0,Female,9.0,14.0,2.0,14.0,Standard,Monthly,1510.57,15.0,1.0
CUST-10338,62.0,Male,35.0,21.0,6.0,4.0,Standard,Monthly,2228.48,3.0,0.0
CUST-10339,25.0,Male,8.0,1.0,2.0,1.0,Basic,Monthly,1278.22,1.0,0.0
CUST-10340,44.0,Male,24.0,25.0,3.0,12.0,Standard,Monthly,2531.96,6.0,0.0
CUST-10341,44.0,Male,19.0,9.0,3.0,2.0,Basic,Annual,1989.87,19.0,0.0
CUST-10342,51.0,Male,36.0,25.0,2.0,3.0,Premium,Quarterly,5124.29,4.0,0.0
CUST-10343,38.0,Male,50.0,27.0,5.0,8.0,Basic,Monthly,7864.91,12.0,0.0
CUST-10344,47.0,Female,52.0,24.0,3.0,3.0,Standard,Monthly,2794.5,25.0,0.0
CUST-10345,50.0,Female,59.0,13.0,3.0,6.0,Standard,Quarterly,5743.92,2.0,0.0
CUST-10346,45.0,Female,43.0,26.0,0.0,15.0,Basic,Monthly,6165.68,17.0,0.0
CUST-10347,64.0,Female,27.0,29.0,2.0,11.0,Standard,Monthly,2680.72,26.0,1.0
CUST-10348,50.0,Female,32.0,19.0,1.0,3.0,Basic,Monthly,4059.42,6.0,0.0
CUST-10349,22.0,Male,14.0,17.0,1.0,2.0,Standard,Annual,2358.44,12.0,1.0
CUST-10350,65.0,Female,57.0,11.0,2.0,2.0,Standard,Monthly,6623.69,15.0,0.0
CUST-10351,36.0,Female,18.0,28.0,6.0,3.0,Basic,Monthly,1478.85,17.0,1.0
CUST-10352,21.0,Male,28.0,28.0,4.0,4.0,Basic,Annual,3988.8,1.0,0.0
CUST-10353,52.0,Male,29.0,8.0,1.0,3.0,Premium,Monthly,4559.91,14.0,0.0
CUST-10354,66.0,Female,16.0,23.0,2.0,0.0,Basic,Annual,2122.04,23.0,0.0
CUST-10355,34.0,Male,35.0,29.0,1.0,1.0,Standard,Monthly,3375.71,2.0,0.0
CUST-10356,61.0,Female,47.0,5.0,3.0,2.0,Basic,Monthly,7003.41,4.0,0.0
CUST-10357,45.0,Female,59.0,10.0,3.0,5.0,Premium,Monthly,9080.8,20.0,1.0
CUST-10358,47.0,Male,59.0,7.0,4.0,6.0,Standard,Monthly,8709.11,2.0,0.0
CUST-10359,46.0,Male,31.0,10.0,2.0,4.0,Standard,Monthly,3016.91,22.0,0.0
CUST-10360,63.0,Male,4.0,4.0,1.0,9.0,Basic,Monthly,760.72,26.0,0.0
CUST-10361,23.0,Male,37.0,9.0,3.0,9.0,Basic,Monthly,4334.99,14.0,0.0
CUST-10362,52.0,Male,17.0,27.0,6.0,3.0,Basic,Monthly,1606.27,18.0,0.0
CUST-10363,58.0,Female,39.0,26.0,1.0,0.0,Basic,Quarterly,4336.8,28.0,0.0
CUST-10364,54.0,Male,48.0,14.0,2.0,5.0,Standard,Annual,6086.09,8.0,0.0
CUST-10365,41.0,Female,46.0,2.0,3.0,3.0,Standard,Annual,6600.98,20.0,0.0
CUST-10366,46.0,Male,26.0,25.0,2.0,1.0,Basic,Quarterly,4035.35,1.0,0.0
CUST-10367,66.0,Female,48.0,9.0,4.0,28.0,Standard,Annual,3459.24,16.0,1.0
CUST-10368,63.0,Male,39.0,21.0,1.0,3.0,Basic,Monthly,4034.46,7.0,0.0
CUST-10369,48.0,Male,41.0,27.0,2.0,6.0,Basic,Monthly,4252.76,6.0,1.0
CUST-10370,52.0,Female,4.0,1.0,3.0,4.0,Premium,Monthly,725.81,28.0,1.0
CUST-10371,50.0,Female,30.0,23.0,3.0,1.0,Standard,Quarterly,1570.12,22.0,0.0
CUST-10372,38.0,Male,30.0,10.0,3.0,0.0,Standard,Annual,4145.05,27.0,0.0
CUST-10373,49.0,Female,22.0,10.0,4.0,6.0,Basic,Quarterly,2642.63,19.0,0.0
CUST-10374,40.0,Male,11.0,20.0,2.0,1.0,Basic,Monthly,1991.01,10.0,0.0
CUST-10375,50.0,Male,2.0,25.0,3.0,1.0,Basic,Quarterly,456.73,23.0,0.0
CUST-10376,20.0,Male,44.0,22.0,2.0,22.0,Premium,Monthly,5226.06,6.0,0.0
CUST-10377,35.0,Male,12.0,29.0,4.0,4.0,Standard,Monthly,2178.14,26.0,1.0
CUST-10378,42.0,Female,30.0,3.0,0.0,0.0,Basic,Quarterly,3951.41,10.0,0.0
CUST-10379,59.0,Female,36.0,6.0,2.0,2.0,Premium,Monthly,2411.06,25.0,0.0
CUST-10380,48.0,Male,18.0,29.0,1.0,6.0,Standard,Monthly,1628.31,19.0,1.0
CUST-10381,20.0,Female,26.0,26.0,3.0,2.0,Premium,Quarterly,3919.12,3.0,0.0
CUST-10382,57.0,Female,53.0,6.0,1.0,0.0,Basic,Quarterly,4513.03,20.0,0.0
CUST-10383,63.0,Male,7.0,21.0,2.0,4.0,Basic,Monthly,897.92,3.0,1.0
CUST-10384,41.0,Female,1.0,2.0,1.0,0.0,Basic,Monthly,416.77,20.0,0.0
CUST-10385,67.0,Male,58.0,26.0,5.0,6.0,Basic,Annual,8832.37,6.0,0.0
CUST-10386,49.0,Female,26.0,26.0,2.0,6.0,Premium,Monthly,2782.76,17.0,0.0
CUST-10387,64.0,Female,23.0,18.0,9.0,0.0,Standard,Monthly,2929.71,18.0,1.0
CUST-10388,39.0,Female,26.0,23.0,1.0,2.0,Standard,Monthly,1702.47,10.0,0.0
CUST-10389,40.0,Male,45.0,2.0,5.0,3.0,Premium,Quarterly,4437.84,6.0,0.0
CUST-10390,19.0,Male,6.0,12.0,2.0,5.0,Basic,Monthly,839.37,28.0,0.0
CUST-10391,44.0,Male,6.0,22.0,4.0,2.0,Premium,Monthly,1196.11,13.0,1.0
CUST-10392,59.0,Male,44.0,5.0,2.0,2.0,Premium,Monthly,5978.93,6.0,0.0
CUST-10393,19.0,Male,8.0,20.0,1.0,28.0,Standard,Monthly,1015.45,12.0,1.0
CUST-10394,43.0,Female,24.0,7.0,2.0,0.0,Basic,Monthly,2160.12,14.0,0.0
CUST-10395,34.0,Male,22.0,24.0,0.0,31.0,Standard,Quarterly,2854.24,17.0,1.0
CUST-10396,57.0,Male,19.0,16.0,0.0,0.0,Basic,Annual,2483.62,22.0,0.0
CUST-10397,50.0,Female,37.0,20.0,3.0,2.0,Premium,Annual,4709.12,27.0,0.0
CUST-10398,26.0,Male,18.0,1.0,3.0,4.0,Basic,Quarterly,2926.17,28.0,0.0
CUST-10399,60.0,Female,31.0,1.0,4.0,1.0,Standard,Quarterly,4314.89,25.0,0.0
CUST-10400,65.0,Male,37.0,17.0,2.0,1.0,Standard,Annual,3877.93,8.0,1.0
CUST-10401,56.0,Male,30.0,27.0,1.0,2.0,Basic,Annual,2646.08,26.0,0.0
CUST-10402,46.0,Male,57.0,1.0,1.0,25.0,Basic,Annual,6723.32,5.0,0.0
CUST-10403,59.0,Male,42.0,21.0,3.0,3.0,Basic,Monthly,5719.63,29.0,0.0
CUST-10404,43.0,Female,33.0,20.0,3.0,5.0,Standard,Monthly,3642.78,4.0,0.0
CUST-10405,52.0,Male,10.0,13.0,1.0,8.0,Premium,Annual,1586.59,6.0,0.0
CUST-10406,67.0,Female,37.0,9.0,2.0,9.0,Basic,Annual,2358.47,11.0,0.0
CUST-10407,42.0,Male,12.0,15.0,3.0,8.0,Premium,Quarterly,2200.26,28.0,1.0
CUST-10408,41.0,Male,54.0,3.0,2.0,2.0,Basic,Annual,7320.88,5.0,0.0
CUST-10409,30.0,Female,30.0,14.0,1.0,0.0,Standard,Quarterly,2914.22,29.0,0.0
CUST-10410,24.0,Male,27.0,23.0,3.0,2.0,Premium,Quarterly,2803.36,22.0,0.0
CUST-10411,53.0,Female,39.0,11.0,6.0,1.0,Basic,Monthly,2721.5,14.0,0.0
CUST-10412,62.0,Female,9.0,24.0,5.0,1.0,Premium,Quarterly,1262.26,10.0,0.0
CUST-10413,37.0,Female,54.0,22.0,0.0,0.0,Standard,Quarterly,7318.99,11.0,0.0
CUST-10414,18.0,Female,21.0,12.0,2.0,19.0,Basic,Annual,2633.21,3.0,1.0
CUST-10415,25.0,Male,12.0,13.0,1.0,17.0,Premium,Monthly,832.25,23.0,1.0
CUST-10416,63.0,Male,55.0,26.0,10.0,0.0,Basic,Annual,4434.3,8.0,0.0
CUST-10417,33.0,Male,29.0,13.0,0.0,1.0,Basic,Annual,3102.27,21.0,0.0
CUST-10418,31.0,Female,33.0,1.0,1.0,1.0,Standard,Monthly,2835.53,5.0,0.0
CUST-10419,29.0,Female,43.0,24.0,1.0,2.0,Premium,Monthly,4324.75,28.0,0.0
CUST-10420,40.0,Male,53.0,10.0,3.0,1.0,Premium,Quarterly,4012.7,20.0,0.0
CUST-10421,32.0,Female,15.0,3.0,4.0,20.0,Basic,Monthly,1609.12,26.0,1.0
CUST-10422,45.0,Male,2.0,24.0,1.0,0.0,Premium,Quarterly,688.8,21.0,1.0
CUST-10423,51.0,Female,52.0,28.0,1.0,1.0,Standard,Monthly,7465.18,28.0,0.0
CUST-10424,19.0,Male,39.0,4.0,2.0,0.0,Premium,Monthly,3785.38,10.0,0.0
CUST-10425,49.0,Female,53.0,16.0,3.0,27.0,Basic,Monthly,6476.91,27.0,1.0
CUST-10426,40.0,Female,44.0,8.0,1.0,17.0,Standard,Monthly,2864.82,8.0,0.0
CUST-10427,39.0,Male,54.0,16.0,0.0,8.0,Premium,Monthly,5934.0,21.0,0.0
CUST-10428,42.0,Male,18.0,27.0,1.0,3.0,Basic,Annual,2630.47,9.0,0.0
CUST-10429,39.0,Male,3.0,17.0,2.0,1.0,Premium,Monthly,533.99,29.0,0.0
CUST-10430,39.0,Male,7.0,19.0,6.0,1.0,Basic,Annual,888.95,28.0,1.0
CUST-10431,66.0,Male,43.0,22.0,5.0,4.0,Basic,Annual,2935.92,29.0,0.0
CUST-10432,59.0,Female,18.0,15.0,0.0,10.0,Premium,Annual,2094.7,15.0,0.0
CUST-10433,23.0,Female,44.0,16.0,6.0,2.0,Premium,Monthly,5653.42,1.0,1.0
CUST-10434,32.0,Female,38.0,15.0,4.0,2.0,Basic,Quarterly,2175.47,23.0,0.0
CUST-10435,60.0,Male,37.0,25.0,1.0,6.0,Basic,Monthly,2413.54,5.0,0.0
CUST-10436,54.0,Female,58.0,2.0,1.0,1.0,Premium,Monthly,8409.36,15.0,0.0
CUST-10437,50.0,Female,33.0,11.0,2.0,6.0,Premium,Annual,3616.86,4.0,0.0
CUST-10438,25.0,Male,44.0,1.0,0.0,3.0,Standard,Monthly,4550.08,19.0,0.0
CUST-10439,61.0,Female,59.0,15.0,4.0,0.0,Standard,Annual,8744.58,28.0,0.0
CUST-10440,61.0,Female,31.0,26.0,5.0,3.0,Premium,Quarterly,2637.16,10.0,0.0
CUST-10441,22.0,Male,58.0,19.0,0.0,17.0,Basic,Monthly,8230.94,23.0,0.0
CUST-10442,56.0,Male,11.0,4.0,2.0,2.0,Premium,Monthly,1977.53,28.0,1.0
CUST-10443,21.0,Male,4.0,11.0,3.0,2.0,Basic,Quarterly,354.16,2.0,0.0
CUST-10444,23.0,Male,59.0,5.0,5.0,0.0,Standard,Quarterly,6430.4,5.0,0.0
CUST-10445,62.0,Female,18.0,3.0,0.0,6.0,Standard,Quarterly,2176.41,18.0,1.0
CUST-10446,49.0,Female,4.0,13.0,7.0,13.0,Standard,Monthly,616.78,23.0,1.0
CUST-10447,47.0,Female,49.0,10.0,2.0,3.0,Standard,Monthly,4097.05,6.0,0.0
CUST-10448,64.0,Male,34.0,11.0,5.0,1.0,Premium,Monthly,4730.73,29.0,0.0
CUST-10449,52.0,Male,29.0,18.0,1.0,21.0,Standard,Monthly,4331.94,10.0,1.0
CUST-10450,57.0,Female,24.0,2.0,1.0,9.0,Premium,Monthly,3617.8,15.0,1.0
CUST-10451,33.0,Female,22.0,7.0,1.0,5.0,Basic,Monthly,3564.07,23.0,0.0
CUST-10452,30.0,Male,2.0,9.0,2.0,2.0,Premium,Monthly,724.22,28.0,1.0
CUST-10453,67.0,Female,44.0,10.0,1.0,1.0,Basic,Quarterly,6557.55,9.0,0.0
CUST-10454,59.0,Female,6.0,18.0,2.0,8.0,Basic,Quarterly,834.48,13.0,0.0
CUST-10455,47.0,Male,42.0,23.0,1.0,5.0,Basic,Monthly,5416.74,18.0,1.0
CUST-10456,36.0,Male,25.0,7.0,3.0,5.0,Standard,Quarterly,3336.04,25.0,0.0
CUST-10457,34.0,Female,55.0,27.0,2.0,0.0,Premium,Quarterly,5536.41,7.0,0.0
CUST-10458,36.0,Male,57.0,7.0,6.0,5.0,Standard,Quarterly,3455.39,2.0,0.0
CUST-10459,45.0,Male,21.0,3.0,2.0,12.0,Basic,Quarterly,2456.53,16.0,1.0
CUST-10460,43.0,Male,55.0,12.0,6.0,20.0,Basic,Monthly,3428.18,26.0,1.0
CUST-10461,54.0,Male,59.0,7.0,3.0,0.0,Standard,Monthly,5687.36,2.0,0.0
CUST-10462,43.0,Female,16.0,17.0,0.0,6.0,Basic,Monthly,1739.74,4.0,0.0
CUST-10463,40.0,Female,31.0,26.0,0.0,5.0,Basic,Monthly,4913.8,2.0,0.0
CUST-10464,26.0,Male,14.0,1.0,0.0,15.0,Standard,Quarterly,1410.2,17.0,1.0
CUST-10465,29.0,Female,39.0,5.0,5.0,9.0,Premium,Annual,5415.08,6.0,0.0
CUST-10466,18.0,Female,28.0,16.0,2.0,23.0,Standard,Monthly,1797.87,10.0,1.0
CUST-10467,18.0,Female,32.0,15.0,2.0,22.0,Basic,Quarterly,3771.42,14.0,1.0
CUST-10468,64.0,Male,28.0,2.0,2.0,1.0,Premium,Annual,3168.63,27.0,0.0
CUST-10469,51.0,Male,51.0,9.0,1.0,9.0,Standard,Monthly,5843.12,15.0,0.0
CUST-10470,49.0,Female,55.0,7.0,5.0,5.0,Premium,Annual,7599.51,21.0,0.0
CUST-10471,65.0,Female,49.0,4.0,1.0,1.0,Basic,Monthly,6409.63,12.0,0.0
CUST-10472,42.0,Male,9.0,20.0,0.0,1.0,Standard,Annual,1504.72,19.0,0.0
CUST-10473,57.0,Male,58.0,18.0,7.0,0.0,Premium,Monthly,5718.11,11.0,0.0
CUST-10474,62.0,Male,45.0,21.0,6.0,11.0,Basic,Monthly,5894.55,1.0,0.0
CUST-10475,18.0,Female,22.0,4.0,1.0,2.0,Standard,Quarterly,2258.79,25.0,0.0
CUST-10476,33.0,Female,32.0,28.0,2.0,13.0,Basic,Annual,1879.49,8.0,0.0
CUST-10477,56.0,Female,5.0,13.0,1.0,6.0,Standard,Monthly,915.43,22.0,1.0
CUST-10478,22.0,Male,23.0,1.0,2.0,7.0,Premium,Quarterly,3559.3,6.0,0.0
CUST-10479,39.0,Female,5.0,28.0,3.0,2.0,Standard,Quarterly,562.1,12.0,0.0
CUST-10480,46.0,Female,42.0,24.0,2.0,4.0,Premium,Monthly,6183.42,20.0,0.0
CUST-10481,20.0,Male,53.0,3.0,3.0,3.0,Standard,Monthly,7158.68,16.0,0.0
CUST-10482,29.0,Female,32.0,16.0,1.0,1.0,Premium,Monthly,3029.26,29.0,0.0
CUST-10483,43.0,Female,59.0,22.0,4.0,12.0,Standard,Monthly,5337.46,18.0,1.0
CUST-10484,33.0,Male,10.0,4.0,6.0,6.0,Basic,Quarterly,1896.6,12.0,1.0
CUST-10485,54.0,Female,59.0,25.0,3.0,0.0,Standard,Annual,7605.61,20.0,0.0
CUST-10486,39.0,Male,39.0,23.0,3.0,12.0,Standard,Quarterly,3889.17,2.0,0.0
CUST-10487,46.0,Female,58.0,25.0,1.0,0.0,Premium,Annual,6901.8,29.0,0.0
CUST-10488,31.0,Female,15.0,16.0,5.0,3.0,Standard,Monthly,1964.16,7.0,0.0
CUST-10489,45.0,Female,7.0,26.0,0.0,5.0,Standard,Monthly,1045.68,9.0,0.0
CUST-10490,22.0,Female,29.0,19.0,2.0,0.0,Premium,Annual,3508.66,29.0,0.0
CUST-10491,64.0,Male,59.0,1.0,2.0,7.0,Premium,Annual,6297.9,18.0,0.0
CUST-10492,66.0,Female,47.0,5.0,1.0,7.0,Standard,Monthly,5631.22,9.0,0.0
CUST-10493,47.0,Female,3.0,19.0,3.0,7.0,Premium,Monthly,570.58,25.0,0.0
CUST-10494,63.0,Male,19.0,22.0,1.0,1.0,Standard,Annual,3228.03,8.0,0.0
CUST-10495,22.0,Female,10.0,24.0,1.0,2.0,Basic,Monthly,1693.34,1.0,0.0
CUST-10496,29.0,Female,28.0,11.0,1.0,1.0,Basic,Monthly,4438.4,5.0,0.0
CUST-10497,33.0,Male,29.0,13.0,3.0,22.0,Premium,Quarterly,4087.46,16.0,0.0
CUST-10498,43.0,Female,15.0,20.0,2.0,0.0,Basic,Annual,1265.92,14.0,0.0
CUST-10499,43.0,Female,35.0,5.0,3.0,3.0,Standard,Quarterly,5405.87,26.0,0.0
CUST-10500,65.0,Male,6.0,21.0,1.0,14.0,Premium,Quarterly,568.08,13.0,0.0
CUST-10501,38.0,Female,12.0,4.0,2.0,10.0,Basic,Monthly,1416.98,29.0,1.0
CUST-10502,56.0,Male,47.0,4.0,6.0,12.0,Premium,Quarterly,5758.4,11.0,0.0
CUST-10503,53.0,Male,38.0,4.0,1.0,25.0,Premium,Monthly,4233.71,20.0,1.0
CUST-10504,50.0,Male,13.0,4.0,2.0,3.0,Premium,Annual,1520.04,23.0,0.0
CUST-10505,47.0,Female,29.0,20.0,5.0,2.0,Basic,Monthly,3851.99,13.0,1.0
CUST-10506,54.0,Female,19.0,21.0,1.0,0.0,Basic,Quarterly,1483.63,27.0,0.0
CUST-10507,40.0,Male,3.0,18.0,6.0,1.0,Premium,Annual,724.01,15.0,1.0
CUST-10508,27.0,Male,8.0,18.0,2.0,5.0,Basic,Monthly,1240.72,24.0,1.0
CUST-10509,22.0,Female,8.0,16.0,5.0,1.0,Standard,Annual,1238.53,26.0,1.0
CUST-10510,53.0,Male,55.0,9.0,4.0,9.0,Standard,Monthly,4997.17,27.0,0.0
CUST-10511,51.0,Female,58.0,18.0,3.0,0.0,Basic,Monthly,6722.64,16.0,0.0
CUST-10512,48.0,Female,20.0,22.0,3.0,2.0,Premium,Monthly,2087.59,13.0,0.0
CUST-10513,27.0,Female,47.0,2.0,4.0,8.0,Standard,Annual,5963.22,8.0,0.0
CUST-10514,36.0,Female,4.0,21.0,3.0,2.0,Basic,Annual,386.19,18.0,0.0
CUST-10515,49.0,Male,51.0,4.0,3.0,9.0,Basic,Monthly,5076.63,19.0,1.0
CUST-10516,18.0,Female,21.0,12.0,3.0,38.0,Basic,Monthly,1654.17,29.0,1.0
CUST-10517,22.0,Female,3.0,7.0,2.0,11.0,Basic,Annual,778.82,26.0,1.0
CUST-10518,62.0,Female,45.0,15.0,0.0,2.0,Standard,Monthly,6709.95,15.0,0.0
CUST-10519,21.0,Male,8.0,7.0,2.0,16.0,Basic,Quarterly,635.0,10.0,1.0
CUST-10520,33.0,Female,23.0,29.0,0.0,0.0,Basic,Quarterly,3078.99,23.0,0.0
CUST-10521,41.0,Male,16.0,22.0,2.0,9.0,Premium,Annual,2453.67,4.0,0.0
CUST-10522,33.0,Male,13.0,26.0,1.0,0.0,Standard,Quarterly,1294.37,6.0,0.0
CUST-10523,19.0,Male,3.0,21.0,7.0,1.0,Basic,Monthly,483.55,8.0,1.0
CUST-10524,66.0,Female,48.0,17.0,3.0,30.0,Premium,Annual,3557.8,24.0,1.0
CUST-10525,45.0,Female,9.0,16.0,1.0,3.0,Basic,Monthly,1201.0,7.0,0.0
CUST-10526,49.0,Female,14.0,28.0,1.0,12.0,Premium,Monthly,966.78,29.0,0.0
CUST-10527,44.0,Female,13.0,19.0,1.0,3.0,Standard,Monthly,1201.14,12.0,0.0
CUST-10528,37.0,Male,53.0,9.0,3.0,12.0,Standard,Annual,4659.43,18.0,0.0
CUST-10529,41.0,Female,57.0,14.0,7.0,23.0,Premium,Quarterly,7850.19,18.0,0.0
CUST-10530,29.0,Male,7.0,17.0,6.0,4.0,Standard,Monthly,986.19,19.0,0.0
CUST-10531,67.0,Female,15.0,5.0,0.0,5.0,Premium,Quarterly,2237.47,4.0,0.0
CUST-10532,52.0,Female,7.0,2.0,5.0,6.0,Premium,Monthly,962.21,1.0,1.0
CUST-10533,50.0,Female,38.0,20.0,4.0,19.0,Basic,Annual,3254.46,5.0,1.0
CUST-10534,50.0,Female,34.0,16.0,2.0,2.0,Standard,Monthly,3480.55,7.0,0.0
CUST-10535,60.0,Male,41.0,14.0,4.0,6.0,Premium,Quarterly,3427.5,28.0,0.0
CUST-10536,54.0,Male,22.0,14.0,1.0,2.0,Standard,Quarterly,2573.52,26.0,0.0
CUST-10537,29.0,Female,24.0,27.0,2.0,1.0,Premium,Monthly,3754.14,11.0,0.0
CUST-10538,20.0,Male,49.0,1.0,1.0,0.0,Standard,Annual,4075.12,21.0,0.0
CUST-10539,18.0,Male,37.0,3.0,1.0,6.0,Standard,Monthly,3714.37,23.0,0.0
CUST-10540,50.0,Female,44.0,26.0,6.0,14.0,Basic,Quarterly,5549.21,21.0,0.0
CUST-10541,57.0,Female,1.0,7.0,3.0,3.0,Basic,Quarterly,603.41,11.0,0.0
CUST-10542,27.0,Male,10.0,26.0,4.0,5.0,Standard,Quarterly,990.58,10.0,0.0
CUST-10543,60.0,Male,43.0,15.0,2.0,7.0,Standard,Monthly,3582.43,24.0,1.0
CUST-10544,61.0,Female,16.0,19.0,1.0,3.0,Standard,Annual,2404.59,7.0,0.0
CUST-10545,46.0,Female,46.0,20.0,0.0,16.0,Standard,Monthly,3104.28,16.0,1.0
CUST-10546,30.0,Male,8.0,2.0,4.0,3.0,Standard,Quarterly,1189.92,1.0,0.0
CUST-10547,29.0,Male,56.0,19.0,0.0,0.0,Premium,Quarterly,7708.84,27.0,0.0
CUST-10548,48.0,Male,49.0,9.0,3.0,1.0,Basic,Annual,7400.53,1.0,0.0
CUST-10549,63.0,Male,25.0,19.0,2.0,15.0,Standard,Quarterly,1572.42,12.0,1.0
CUST-10550,19.0,Male,50.0,27.0,2.0,30.0,Basic,Monthly,4585.35,16.0,1.0
CUST-10551,67.0,Female,12.0,5.0,2.0,2.0,Standard,Annual,1110.76,5.0,0.0
CUST-10552,52.0,Female,25.0,18.0,1.0,1.0,Basic,Monthly,2764.82,14.0,0.0
CUST-10553,40.0,Female,17.0,16.0,1.0,4.0,Basic,Monthly,2406.38,18.0,0.0
CUST-10554,34.0,Male,26.0,4.0,4.0,8.0,Basic,Annual,4282.97,9.0,1.0
CUST-10555,43.0,Female,46.0,12.0,0.0,6.0,Basic,Quarterly,4768.01,2.0,0.0
CUST-10556,25.0,Male,48.0,29.0,2.0,21.0,Standard,Monthly,5327.11,12.0,1.0
CUST-10557,46.0,Female,14.0,7.0,3.0,11.0,Premium,Quarterly,1580.05,25.0,0.0
CUST-10558,43.0,Female,41.0,14.0,3.0,14.0,Basic,Monthly,2781.03,10.0,1.0
CUST-10559,27.0,Male,36.0,23.0,1.0,5.0,Standard,Monthly,3134.22,2.0,1.0
CUST-10560,43.0,Female,57.0,12.0,2.0,2.0,Standard,Monthly,4598.4,15.0,1.0
CUST-10561,51.0,Male,23.0,3.0,0.0,8.0,Basic,Quarterly,3170.61,4.0,0.0
CUST-10562,58.0,Female,43.0,5.0,2.0,4.0,Basic,Quarterly,4696.23,19.0,0.0
CUST-10563,24.0,Male,6.0,17.0,3.0,2.0,Basic,Quarterly,582.63,22.0,1.0
CUST-10564,21.0,Male,47.0,26.0,4.0,1.0,Premium,Monthly,4884.69,4.0,0.0
CUST-10565,67.0,Female,5.0,10.0,3.0,5.0,Basic,Quarterly,672.17,25.0,0.0
CUST-10566,62.0,Male,43.0,10.0,1.0,6.0,Basic,Monthly,3048.48,9.0,1.0
CUST-10567,28.0,Female,25.0,11.0,1.0,5.0,Basic,Quarterly,3726.51,13.0,0.0
CUST-10568,46.0,Male,18.0,17.0,3.0,0.0,Standard,Annual,2829.67,10.0,0.0
CUST-10569,53.0,Female,13.0,5.0,3.0,5.0,Standard,Monthly,1109.2,14.0,0.0
CUST-10570,42.0,Female,43.0,13.0,1.0,1.0,Basic,Quarterly,5630.67,25.0,0.0
CUST-10571,38.0,Female,14.0,10.0,1.0,7.0,Standard,Annual,1640.46,3.0,0.0
CUST-10572,53.0,Male,28.0,9.0,3.0,3.0,Standard,Monthly,2814.88,3.0,0.0
CUST-10573,27.0,Male,18.0,17.0,0.0,13.0,Basic,Quarterly,2501.67,20.0,0.0
CUST-10574,54.0,Male,59.0,1.0,2.0,10.0,Basic,Quarterly,4911.52,16.0,0.0
CUST-10575,26.0,Male,57.0,4.0,5.0,9.0,Standard,Monthly,3078.67,9.0,0.0
CUST-10576,41.0,Female,28.0,4.0,3.0,8.0,Standard,Quarterly,2483.57,14.0,0.0
CUST-10577,52.0,Female,51.0,18.0,4.0,5.0,Standard,Quarterly,3922.76,22.0,0.0
CUST-10578,66.0,Female,56.0,9.0,3.0,0.0,Standard,Monthly,3293.72,16.0,0.0
CUST-10579,52.0,Female,27.0,25.0,2.0,7.0,Basic,Monthly,2668.21,9.0,0.0
CUST-10580,65.0,Female,32.0,29.0,3.0,4.0,Basic,Annual,3340.55,24.0,0.0
CUST-10581,53.0,Female,47.0,29.0,6.0,4.0,Standard,Quarterly,5873.82,23.0,0.0
CUST-10582,35.0,Male,9.0,18.0,0.0,3.0,Standard,Monthly,1120.26,29.0,1.0
CUST-10583,66.0,Female,40.0,14.0,2.0,18.0,Basic,Monthly,3252.67,5.0,0.0
CUST-10584,56.0,Female,32.0,25.0,1.0,2.0,Premium,Quarterly,2460.82,13.0,0.0
CUST-10585,49.0,Female,20.0,15.0,3.0,2.0,Standard,Monthly,3122.1,15.0,1.0
CUST-10586,41.0,Male,28.0,6.0,0.0,23.0,Basic,Monthly,2389.26,25.0,1.0
CUST-10587,40.0,Male,33.0,24.0,3.0,11.0,Standard,Quarterly,5008.77,4.0,0.0
CUST-10588,49.0,Male,4.0,10.0,1.0,0.0,Basic,Quarterly,553.28,14.0,0.0
CUST-10589,54.0,Female,46.0,29.0,4.0,16.0,Standard,Monthly,6706.17,20.0,0.0
CUST-10590,29.0,Female,57.0,15.0,1.0,1.0,Standard,Monthly,5337.66,24.0,0.0
CUST-10591,66.0,Male,34.0,29.0,1.0,8.0,Basic,Monthly,2614.1,20.0,1.0
CUST-10592,30.0,Female,48.0,4.0,1.0,5.0,Premium,Monthly,5498.77,7.0,0.0
CUST-10593,40.0,Male,3.0,18.0,3.0,5.0,Premium,Monthly,638.45,4.0,0.0
CUST-10594,42.0,Male,26.0,18.0,1.0,8.0,Basic,Monthly,3416.1,27.0,0.0
CUST-10595,52.0,Male,8.0,25.0,5.0,1.0,Basic,Monthly,1125.71,17.0,1.0
CUST-10596,58.0,Female,6.0,17.0,3.0,1.0,Basic,Monthly,648.44,26.0,1.0
CUST-10597,47.0,Female,16.0,12.0,2.0,7.0,Premium,Annual,1862.56,9.0,0.0
CUST-10598,34.0,Male,24.0,7.0,1.0,2.0,Basic,Monthly,3639.16,4.0,0.0
CUST-10599,66.0,Female,48.0,16.0,1.0,25.0,Standard,Monthly,7072.14,3.0,1.0
CUST-10600,37.0,Male,39.0,11.0,4.0,4.0,Basic,Monthly,4472.86,19.0,0.0
CUST-10601,65.0,Female,30.0,14.0,2.0,0.0,Basic,Monthly,1637.71,9.0,0.0
CUST-10602,42.0,Female,45.0,3.0,4.0,8.0,Standard,Annual,2852.69,8.0,0.0
CUST-10603,39.0,Female,13.0,19.0,1.0,2.0,Standard,Monthly,1969.0,26.0,0.0
CUST-10604,30.0,Male,5.0,18.0,3.0,1.0,Standard,Annual,946.57,7.0,0.0
CUST-10605,36.0,Female,25.0,10.0,2.0,3.0,Standard,Monthly,3762.75,7.0,0.0
CUST-10606,66.0,Female,20.0,6.0,3.0,23.0,Standard,Annual,2507.21,4.0,0.0
CUST-10607,53.0,Male,54.0,13.0,4.0,3.0,Basic,Monthly,7680.27,19.0,0.0
CUST-10608,29.0,Female,18.0,10.0,4.0,2.0,Basic,Monthly,2746.09,12.0,0.0
CUST-10609,58.0,Male,47.0,18.0,1.0,4.0,Basic,Monthly,5500.02,20.0,0.0
CUST-10610,36.0,Female,18.0,26.0,4.0,0.0,Standard,Monthly,2687.66,6.0,0.0
CUST-10611,29.0,Male,2.0,20.0,4.0,0.0,Premium,Quarterly,596.45,12.0,0.0
CUST-10612,26.0,Female,10.0,26.0,5.0,13.0,Basic,Monthly,1295.95,29.0,1.0
CUST-10613,24.0,Female,55.0,16.0,3.0,26.0,Basic,Quarterly,8165.55,20.0,0.0
CUST-10614,45.0,Male,45.0,25.0,4.0,1.0,Basic,Monthly,3071.2,4.0,1.0
CUST-10615,31.0,Male,50.0,25.0,0.0,5.0,Premium,Monthly,6536.88,2.0,0.0
CUST-10616,48.0,Male,47.0,6.0,4.0,23.0,Premium,Monthly,4085.53,15.0,1.0
CUST-10617,36.0,Male,12.0,13.0,1.0,1.0,Basic,Quarterly,1853.81,23.0,0.0
CUST-10618,64.0,Male,47.0,4.0,3.0,1.0,Standard,Monthly,5753.31,6.0,0.0
CUST-10619,33.0,Female,13.0,23.0,2.0,18.0,Standard,Monthly,2196.1,18.0,1.0
CUST-10620,22.0,Male,50.0,14.0,4.0,8.0,Basic,Monthly,6388.24,21.0,0.0
CUST-10621,52.0,Male,47.0,1.0,2.0,1.0,Standard,Annual,4447.61,22.0,0.0
CUST-10622,29.0,Female,57.0,28.0,2.0,3.0,Standard,Quarterly,3171.52,5.0,0.0
CUST-10623,42.0,Male,55.0,20.0,2.0,0.0,Basic,Monthly,7563.48,4.0,0.0
CUST-10624,38.0,Female,11.0,5.0,0.0,3.0,Standard,Monthly,1397.39,11.0,0.0
CUST-10625,53.0,Female,19.0,8.0,1.0,10.0,Basic,Monthly,2376.33,11.0,0.0
CUST-10626,40.0,Female,35.0,12.0,1.0,5.0,Standard,Monthly,2563.22,9.0,0.0
CUST-10627,33.0,Female,39.0,2.0,4.0,7.0,Premium,Quarterly,5505.07,3.0,0.0
CUST-10628,56.0,Female,53.0,12.0,2.0,2.0,Standard,Monthly,5195.25,11.0,0.0
CUST-10629,62.0,Male,26.0,5.0,3.0,1.0,Basic,Monthly,3777.25,2.0,1.0
CUST-10630,59.0,Male,46.0,22.0,4.0,0.0,Basic,Quarterly,6018.18,9.0,0.0
CUST-10631,56.0,Male,14.0,5.0,3.0,12.0,Standard,Monthly,938.36,24.0,1.0
CUST-10632,31.0,Female,54.0,13.0,3.0,7.0,Basic,Monthly,5945.72,25.0,0.0
CUST-10633,48.0,Male,45.0,9.0,5.0,1.0,Standard,Monthly,6806.47,10.0,0.0
CUST-10634,22.0,Female,44.0,10.0,3.0,3.0,Basic,Monthly,6031.84,11.0,0.0
CUST-10635,52.0,Female,24.0,1.0,3.0,11.0,Premium,Annual,2610.99,3.0,1.0
CUST-10636,40.0,Female,41.0,3.0,4.0,5.0,Premium,Quarterly,6023.15,17.0,1.0
CUST-10637,46.0,Female,1.0,18.0,7.0,2.0,Premium,Monthly,315.45,11.0,1.0
CUST-10638,60.0,Male,51.0,12.0,2.0,2.0,Basic,Monthly,4956.06,17.0,0.0
CUST-10639,28.0,Female,43.0,29.0,1.0,1.0,Standard,Monthly,5684.69,19.0,0.0
CUST-10640,35.0,Female,55.0,3.0,1.0,12.0,Basic,Monthly,4463.33,4.0,0.0
CUST-10641,64.0,Male,22.0,26.0,2.0,6.0,Premium,Annual,2717.43,2.0,0.0
CUST-10642,29.0,Male,23.0,25.0,5.0,8.0,Basic,Monthly,3184.48,24.0,1.0
CUST-10643,26.0,Female,56.0,29.0,1.0,13.0,Premium,Annual,6603.65,14.0,0.0
CUST-10644,27.0,Female,54.0,9.0,4.0,30.0,Standard,Quarterly,3727.87,29.0,1.0
CUST-10645,61.0,Female,19.0,26.0,3.0,2.0,Premium,Annual,2228.43,15.0,0.0
CUST-10646,34.0,Female,18.0,2.0,0.0,1.0,Standard,Quarterly,2173.38,28.0,0.0
CUST-10647,55.0,Female,12.0,3.0,4.0,4.0,Basic,Quarterly,1731.34,3.0,0.0
CUST-10648,24.0,Female,55.0,14.0,2.0,0.0,Premium,Quarterly,7558.39,29.0,0.0
CUST-10649,63.0,Male,28.0,4.0,7.0,10.0,Basic,Annual,2374.86,20.0,0.0
CUST-10650,30.0,Male,28.0,25.0,3.0,15.0,Premium,Monthly,3922.1,22.0,0.0
CUST-10651,57.0,Male,59.0,19.0,4.0,8.0,Premium,Annual,7932.35,26.0,0.0
CUST-10652,59.0,Female,33.0,13.0,3.0,2.0,Premium,Quarterly,4511.19,13.0,1.0
CUST-10653,26.0,Female,19.0,7.0,2.0,0.0,Basic,Monthly,2279.26,22.0,0.0
CUST-10654,67.0,Female,28.0,12.0,1.0,3.0,Basic,Annual,2949.56,13.0,0.0
CUST-10655,44.0,Male,59.0,3.0,3.0,12.0,Standard,Annual,5665.23,18.0,1.0
CUST-10656,19.0,Female,52.0,23.0,4.0,2.0,Premium,Quarterly,6782.33,22.0,0.0
CUST-10657,22.0,Female,49.0,23.0,1.0,0.0,Basic,Monthly,5261.7,20.0,0.0
CUST-10658,46.0,Female,37.0,9.0,1.0,2.0,Basic,Annual,3476.67,21.0,0.0
CUST-10659,54.0,Female,26.0,2.0,2.0,32.0,Basic,Quarterly,3146.96,7.0,1.0
CUST-10660,55.0,Male,35.0,29.0,2.0,7.0,Premium,Quarterly,4920.14,23.0,0.0
CUST-10661,36.0,Female,34.0,22.0,1.0,16.0,Premium,Annual,2091.46,16.0,1.0
CUST-10662,25.0,Male,35.0,9.0,2.0,10.0,Basic,Monthly,5269.2,16.0,0.0
CUST-10663,65.0,Male,40.0,12.0,6.0,5.0,Basic,Monthly,2642.91,22.0,1.0
CUST-10664,62.0,Male,16.0,12.0,0.0,1.0,Standard,Quarterly,2073.76,26.0,0.0
CUST-10665,18.0,Female,38.0,15.0,1.0,3.0,Basic,Monthly,4371.87,6.0,0.0
CUST-10666,39.0,Female,13.0,2.0,2.0,6.0,Standard,Quarterly,904.96,6.0,0.0
CUST-10667,34.0,Female,23.0,18.0,2.0,14.0,Standard,Monthly,3670.91,4.0,0.0
CUST-10668,24.0,Female,54.0,13.0,6.0,2.0,Standard,Monthly,5716.85,3.0,1.0
CUST-10669,42.0,Female,22.0,14.0,2.0,0.0,Premium,Monthly,1838.11,1.0,0.0
CUST-10670,62.0,Female,16.0,5.0,3.0,5.0,Standard,Monthly,2315.97,3.0,1.0
CUST-10671,21.0,Male,28.0,26.0,3.0,1.0,Basic,Monthly,3375.09,19.0,0.0
CUST-10672,53.0,Male,48.0,10.0,3.0,6.0,Premium,Monthly,7228.8,9.0,0.0
CUST-10673,23.0,Male,35.0,12.0,2.0,2.0,Basic,Monthly,3599.69,14.0,0.0
CUST-10674,48.0,Male,45.0,10.0,3.0,1.0,Premium,Quarterly,3539.67,19.0,0.0
CUST-10675,36.0,Male,46.0,24.0,3.0,3.0,Basic,Annual,2673.79,24.0,0.0
CUST-10676,61.0,Male,8.0,11.0,3.0,6.0,Premium,Monthly,1456.91,24.0,1.0
CUST-10677,56.0,Male,44.0,25.0,3.0,5.0,Basic,Quarterly,5282.23,19.0,0.0
CUST-10678,44.0,Female,55.0,2.0,1.0,1.0,Basic,Monthly,8273.15,26.0,0.0
CUST-10679,27.0,Male,55.0,5.0,2.0,15.0,Basic,Monthly,6864.22,26.0,0.0
CUST-10680,43.0,Male,22.0,7.0,2.0,0.0,Premium,Annual,3375.95,28.0,0.0
CUST-10681,36.0,Male,21.0,6.0,1.0,0.0,Premium,Monthly,3216.1,13.0,0.0
CUST-10682,56.0,Female,26.0,22.0,1.0,6.0,Basic,Monthly,2796.55,22.0,0.0
CUST-10683,20.0,Male,40.0,23.0,2.0,0.0,Basic,Monthly,2730.76,16.0,0.0
CUST-10684,62.0,Male,21.0,3.0,2.0,4.0,Basic,Annual,1873.59,28.0,0.0
CUST-10685,30.0,Female,25.0,13.0,3.0,21.0,Basic,Monthly,2476.58,8.0,1.0
CUST-10686,67.0,Male,41.0,3.0,5.0,8.0,Premium,Quarterly,4473.77,24.0,0.0
CUST-10687,45.0,Male,1.0,26.0,2.0,6.0,Standard,Monthly,458.68,26.0,1.0
CUST-10688,37.0,Male,6.0,25.0,3.0,5.0,Premium,Monthly,608.36,16.0,0.0
CUST-10689,45.0,Male,23.0,24.0,5.0,1.0,Standard,Annual,2167.1,26.0,0.0
CUST-10690,25.0,Male,51.0,21.0,3.0,3.0,Standard,Monthly,2925.4,9.0,0.0
CUST-10691,58.0,Male,23.0,6.0,6.0,2.0,Premium,Quarterly,2312.29,9.0,0.0
CUST-10692,56.0,Female,43.0,11.0,7.0,21.0,Basic,Quarterly,2752.23,24.0,0.0
CUST-10693,18.0,Female,43.0,28.0,5.0,1.0,Basic,Monthly,4202.73,23.0,0.0
CUST-10694,20.0,Female,23.0,26.0,1.0,4.0,Premium,Monthly,1798.3,26.0,0.0
CUST-10695,30.0,Male,32.0,17.0,1.0,19.0,Basic,Quarterly,4538.4,3.0,1.0
CUST-10696,45.0,Female,30.0,10.0,0.0,10.0,Basic,Monthly,2135.93,7.0,0.0
CUST-10697,66.0,Male,13.0,12.0,2.0,23.0,Premium,Monthly,2082.12,20.0,1.0
CUST-10698,42.0,Male,43.0,17.0,0.0,6.0,Standard,Monthly,5035.94,18.0,0.0
CUST-10699,50.0,Female,18.0,4.0,2.0,2.0,Standard,Quarterly,1820.09,24.0,0.0
CUST-10700,55.0,Male,23.0,2.0,3.0,12.0,Standard,Annual,2859.57,2.0,1.0
CUST-10701,23.0,Male,15.0,11.0,6.0,2.0,Basic,Annual,1605.64,1.0,1.0
CUST-10702,61.0,Female,33.0,7.0,2.0,1.0,Premium,Monthly,2137.99,12.0,0.0
CUST-10703,62.0,Female,21.0,2.0,3.0,8.0,Basic,Quarterly,2997.79,16.0,1.0
CUST-10704,49.0,Female,57.0,26.0,4.0,7.0,Standard,Monthly,8421.9,12.0,1.0
CUST-10705,62.0,Female,39.0,18.0,3.0,14.0,Premium,Monthly,5804.43,21.0,0.0
CUST-10706,64.0,Female,23.0,21.0,2.0,22.0,Standard,Annual,3086.63,10.0,0.0
CUST-10707,38.0,Male,27.0,4.0,5.0,13.0,Premium,Quarterly,2928.04,29.0,1.0
CUST-10708,33.0,Male,45.0,8.0,2.0,0.0,Premium,Quarterly,4597.83,9.0,0.0
CUST-10709,38.0,Male,44.0,20.0,3.0,7.0,Standard,Monthly,5362.91,21.0,1.0
CUST-10710,28.0,Male,18.0,14.0,3.0,10.0,Basic,Annual,2489.21,27.0,0.0
CUST-10711,54.0,Male,24.0,12.0,3.0,28.0,Standard,Annual,2567.37,18.0,1.0
CUST-10712,53.0,Female,51.0,22.0,2.0,3.0,Premium,Monthly,7419.04,26.0,0.0
CUST-10713,52.0,Female,47.0,21.0,2.0,1.0,Standard,Monthly,4011.73,4.0,0.0
CUST-10714,36.0,Female,40.0,27.0,0.0,13.0,Standard,Monthly,4388.73,8.0,0.0
CUST-10715,37.0,Male,51.0,18.0,4.0,2.0,Standard,Monthly,7522.42,23.0,0.0
CUST-10716,35.0,Female,42.0,11.0,2.0,6.0,Basic,Annual,6204.21,21.0,0.0
CUST-10717,64.0,Female,7.0,29.0,5.0,3.0,Basic,Monthly,917.47,4.0,1.0
CUST-10718,58.0,Female,50.0,28.0,0.0,3.0,Premium,Quarterly,4230.12,16.0,0.0
CUST-10719,66.0,Male,48.0,8.0,3.0,9.0,Standard,Quarterly,3551.84,21.0,0.0
CUST-10720,31.0,Female,20.0,2.0,0.0,3.0,Basic,Quarterly,1602.88,23.0,0.0
CUST-10721,32.0,Male,27.0,25.0,4.0,8.0,Premium,Monthly,3732.06,21.0,1.0
CUST-10722,48.0,Male,6.0,15.0,2.0,0.0,Standard,Annual,865.61,8.0,0.0
CUST-10723,18.0,Male,27.0,9.0,3.0,2.0,Premium,Monthly,3228.86,7.0,0.0
CUST-10724,20.0,Female,9.0,19.0,1.0,2.0,Basic,Quarterly,1238.31,23.0,0.0
CUST-10725,33.0,Female,53.0,20.0,1.0,9.0,Premium,Quarterly,5435.71,25.0,0.0
CUST-10726,40.0,Male,45.0,8.0,1.0,2.0,Standard,Monthly,5037.33,24.0,0.0
CUST-10727,28.0,Male,57.0,25.0,1.0,7.0,Standard,Annual,8415.3,13.0,0.0
CUST-10728,29.0,Male,31.0,19.0,1.0,8.0,Basic,Monthly,1860.56,28.0,1.0
CUST-10729,27.0,Male,21.0,5.0,0.0,7.0,Basic,Quarterly,3044.89,8.0,1.0
CUST-10730,49.0,Male,26.0,11.0,1.0,6.0,Basic,Quarterly,2597.18,22.0,0.0
CUST-10731,33.0,Male,40.0,15.0,1.0,3.0,Premium,Quarterly,5265.7,7.0,0.0
CUST-10732,25.0,Female,48.0,8.0,0.0,3.0,Basic,Monthly,7376.14,24.0,0.0
CUST-10733,55.0,Male,45.0,19.0,4.0,5.0,Standard,Quarterly,3995.12,29.0,0.0
CUST-10734,29.0,Male,13.0,23.0,1.0,0.0,Basic,Quarterly,1248.73,5.0,0.0
CUST-10735,41.0,Male,49.0,27.0,2.0,14.0,Basic,Monthly,3994.2,26.0,0.0
CUST-10736,45.0,Female,23.0,8.0,1.0,12.0,Basic,Quarterly,1776.42,18.0,0.0
CUST-10737,25.0,Female,20.0,26.0,3.0,2.0,Premium,Quarterly,2866.02,23.0,0.0
CUST-10738,45.0,Female,37.0,27.0,3.0,5.0,Premium,Quarterly,2428.42,26.0,0.0
CUST-10739,53.0,Male,54.0,19.0,4.0,18.0,Premium,Monthly,3315.76,19.0,0.0
CUST-10740,43.0,Female,53.0,18.0,1.0,2.0,Premium,Monthly,6592.46,10.0,0.0
CUST-10741,25.0,Male,28.0,10.0,2.0,9.0,Basic,Monthly,3036.92,11.0,0.0
CUST-10742,67.0,Female,17.0,29.0,1.0,0.0,Premium,Monthly,2038.37,8.0,0.0
CUST-10743,45.0,Female,28.0,7.0,2.0,5.0,Standard,Annual,3444.4,6.0,0.0
CUST-10744,45.0,Female,41.0,28.0,3.0,15.0,Premium,Monthly,5333.58,11.0,0.0
CUST-10745,54.0,Female,2.0,9.0,2.0,5.0,Basic,Monthly,242.06,16.0,1.0
CUST-10746,58.0,Female,25.0,1.0,4.0,6.0,Premium,Quarterly,3054.23,4.0,0.0
CUST-10747,53.0,Male,58.0,19.0,3.0,16.0,Basic,Monthly,7925.42,2.0,1.0
CUST-10748,44.0,Female,50.0,5.0,3.0,8.0,Basic,Monthly,4537.7,13.0,0.0
CUST-10749,34.0,Male,41.0,19.0,3.0,8.0,Basic,Quarterly,5527.8,7.0,0.0
CUST-10750,26.0,Female,6.0,1.0,1.0,6.0,Basic,Quarterly,1198.66,17.0,0.0
CUST-10751,50.0,Male,11.0,15.0,3.0,7.0,Standard,Quarterly,1531.3,23.0,1.0
CUST-10752,37.0,Male,57.0,16.0,3.0,11.0,Premium,Quarterly,6952.43,13.0,0.0
CUST-10753,30.0,Male,38.0,23.0,0.0,27.0,Premium,Monthly,5006.18,10.0,0.0
CUST-10754,45.0,Male,6.0,7.0,1.0,11.0,Basic,Annual,1087.75,13.0,0.0
CUST-10755,65.0,Male,45.0,26.0,1.0,8.0,Basic,Monthly,5753.98,10.0,0.0
CUST-10756,46.0,Female,11.0,12.0,3.0,1.0,Basic,Monthly,1171.01,7.0,1.0
CUST-10757,30.0,Male,14.0,8.0,3.0,11.0,Premium,Monthly,1018.96,10.0,1.0
CUST-10758,63.0,Male,2.0,5.0,2.0,9.0,Basic,Monthly,212.48,29.0,1.0
CUST-10759,52.0,Female,40.0,10.0,2.0,10.0,Standard,Monthly,2971.89,16.0,0.0
CUST-10760,23.0,Male,3.0,28.0,5.0,1.0,Basic,Quarterly,493.53,3.0,0.0
CUST-10761,35.0,Female,55.0,21.0,0.0,16.0,Standard,Quarterly,5600.96,4.0,0.0
CUST-10762,22.0,Female,53.0,5.0,1.0,0.0,Basic,Monthly,7921.99,28.0,0.0
CUST-10763,64.0,Female,35.0,17.0,2.0,2.0,Basic,Quarterly,5333.82,4.0,0.0
CUST-10764,42.0,Female,33.0,26.0,2.0,7.0,Basic,Quarterly,4378.36,4.0,0.0
CUST-10765,19.0,Male,24.0,5.0,2.0,7.0,Basic,Monthly,3928.42,16.0,0.0
CUST-10766,27.0,Female,19.0,22.0,4.0,2.0,Basic,Monthly,3117.51,9.0,0.0
CUST-10767,47.0,Male,18.0,15.0,3.0,8.0,Standard,Monthly,2552.16,6.0,1.0
CUST-10768,67.0,Male,49.0,13.0,3.0,3.0,Basic,Monthly,2991.57,10.0,0.0
CUST-10769,62.0,Female,52.0,28.0,1.0,0.0,Basic,Quarterly,5184.78,25.0,0.0
CUST-10770,22.0,Male,24.0,1.0,0.0,1.0,Basic,Monthly,2667.31,28.0,0.0
CUST-10771,50.0,Female,45.0,11.0,3.0,14.0,Premium,Monthly,3272.44,4.0,0.0
CUST-10772,18.0,Female,35.0,23.0,0.0,1.0,Standard,Monthly,4950.91,23.0,0.0
CUST-10773,35.0,Female,1.0,1.0,1.0,0.0,Standard,Annual,245.34,29.0,0.0
CUST-10774,49.0,Female,36.0,11.0,2.0,8.0,Basic,Monthly,3462.37,12.0,1.0
CUST-10775,64.0,Male,25.0,18.0,2.0,4.0,Basic,Quarterly,1772.54,10.0,0.0
CUST-10776,66.0,Male,45.0,18.0,1.0,11.0,Basic,Monthly,4747.68,12.0,0.0
CUST-10777,28.0,Female,49.0,21.0,2.0,13.0,Standard,Quarterly,5536.29,28.0,0.0
CUST-10778,38.0,Male,43.0,26.0,3.0,13.0,Standard,Annual,5589.47,25.0,1.0
CUST-10779,43.0,Female,34.0,16.0,5.0,2.0,Premium,Monthly,3320.37,26.0,0.0
CUST-10780,42.0,Female,25.0,13.0,2.0,4.0,Premium,Annual,2931.13,19.0,0.0
CUST-10781,39.0,Female,16.0,7.0,3.0,7.0,Standard,Quarterly,2205.59,29.0,1.0
CUST-10782,44.0,Male,34.0,1.0,2.0,2.0,Standard,Quarterly,4426.7,19.0,0.0
CUST-10783,66.0,Male,29.0,26.0,3.0,0.0,Basic,Quarterly,2641.71,22.0,0.0
CUST-10784,30.0,Male,19.0,16.0,1.0,4.0,Basic,Monthly,1461.71,24.0,1.0
CUST-10785,50.0,Male,23.0,1.0,3.0,0.0,Premium,Monthly,1484.81,1.0,0.0
CUST-10786,51.0,Female,19.0,17.0,1.0,21.0,Basic,Annual,2796.93,4.0,0.0
CUST-10787,58.0,Male,25.0,6.0,0.0,11.0,Premium,Monthly,2399.77,13.0,0.0
CUST-10788,52.0,Male,16.0,2.0,4.0,1.0,Standard,Annual,1382.45,8.0,0.0
CUST-10789,18.0,Male,54.0,17.0,3.0,2.0,Standard,Quarterly,3862.5,22.0,0.0
CUST-10790,38.0,Female,51.0,6.0,1.0,28.0,Basic,Monthly,6858.66,14.0,0.0
CUST-10791,65.0,Female,9.0,14.0,0.0,3.0,Standard,Quarterly,1412.8,16.0,0.0
CUST-10792,23.0,Male,1.0,18.0,3.0,10.0,Standard,Annual,509.12,2.0,0.0
CUST-10793,45.0,Male,42.0,6.0,2.0,4.0,Basic,Monthly,4863.59,8.0,0.0
CUST-10794,34.0,Male,19.0,10.0,1.0,13.0,Basic,Monthly,1573.66,13.0,0.0
CUST-10795,22.0,Male,33.0,24.0,1.0,8.0,Basic,Quarterly,2995.18,1.0,0.0
CUST-10796,48.0,Female,34.0,18.0,3.0,0.0,Standard,Annual,3465.53,12.0,0.0
CUST-10797,22.0,Female,16.0,27.0,4.0,2.0,Basic,Quarterly,1515.91,17.0,0.0
CUST-10798,55.0,Male,44.0,9.0,3.0,5.0,Standard,Monthly,6400.49,7.0,0.0
CUST-10799,20.0,Male,40.0,8.0,4.0,18.0,Standard,Monthly,4542.22,16.0,1.0
CUST-10800,40.0,Female,55.0,28.0,5.0,0.0,Basic,Annual,6989.85,14.0,0.0
CUST-10801,54.0,Male,18.0,10.0,6.0,6.0,Standard,Monthly,1426.02,10.0,1.0
CUST-10802,54.0,Female,34.0,17.0,2.0,2.0,Basic,Quarterly,2755.7,3.0,0.0
CUST-10803,27.0,Male,25.0,23.0,2.0,15.0,Standard,Monthly,1937.36,28.0,1.0
CUST-10804,27.0,Male,45.0,29.0,4.0,10.0,Basic,Monthly,5467.55,12.0,0.0
CUST-10805,36.0,Male,6.0,26.0,8.0,3.0,Basic,Monthly,563.48,8.0,1.0
CUST-10806,34.0,Female,21.0,6.0,3.0,1.0,Basic,Monthly,2307.88,16.0,1.0
CUST-10807,38.0,Female,58.0,14.0,1.0,0.0,Premium,Quarterly,7273.47,25.0,0.0
CUST-10808,31.0,Male,6.0,22.0,3.0,6.0,Basic,Monthly,1294.95,24.0,0.0
CUST-10809,26.0,Male,32.0,22.0,4.0,3.0,Basic,Monthly,2443.65,1.0,1.0
CUST-10810,63.0,Male,41.0,6.0,1.0,2.0,Basic,Monthly,2731.07,17.0,0.0
CUST-10811,18.0,Male,48.0,26.0,3.0,29.0,Basic,Annual,3611.95,6.0,0.0
CUST-10812,62.0,Male,43.0,7.0,0.0,4.0,Premium,Quarterly,5402.65,28.0,0.0
CUST-10813,30.0,Male,39.0,12.0,1.0,9.0,Standard,Monthly,3036.59,1.0,1.0
CUST-10814,21.0,Female,31.0,3.0,3.0,1.0,Premium,Monthly,3716.49,24.0,1.0
CUST-10815,18.0,Male,42.0,14.0,0.0,0.0,Basic,Quarterly,4911.26,15.0,0.0
CUST-10816,66.0,Male,10.0,22.0,1.0,3.0,Basic,Annual,1205.02,13.0,0.0
CUST-10817,57.0,Female,30.0,19.0,3.0,7.0,Standard,Monthly,2085.35,6.0,1.0
CUST-10818,49.0,Male,57.0,23.0,2.0,4.0,Standard,Monthly,5370.13,21.0,0.0
CUST-10819,51.0,Female,52.0,16.0,2.0,15.0,Basic,Quarterly,3989.88,13.0,0.0
CUST-10820,45.0,Male,18.0,7.0,7.0,3.0,Standard,Quarterly,1593.36,22.0,0.0
CUST-10821,48.0,Female,24.0,8.0,1.0,2.0,Premium,Quarterly,2558.38,4.0,0.0
CUST-10822,25.0,Female,52.0,18.0,2.0,17.0,Basic,Monthly,6393.17,1.0,0.0
CUST-10823,56.0,Female,9.0,25.0,1.0,3.0,Standard,Monthly,895.72,23.0,0.0
CUST-10824,43.0,Female,31.0,13.0,1.0,2.0,Basic,Monthly,3641.78,10.0,0.0
CUST-10825,51.0,Male,15.0,21.0,2.0,0.0,Premium,Monthly,1596.37,25.0,0.0
CUST-10826,20.0,Female,4.0,9.0,3.0,11.0,Standard,Annual,564.99,4.0,0.0
CUST-10827,67.0,Male,40.0,10.0,3.0,12.0,Basic,Monthly,5615.91,13.0,1.0
CUST-10828,29.0,Male,9.0,21.0,3.0,0.0,Standard,Quarterly,1597.32,4.0,0.0
CUST-10829,18.0,Male,45.0,23.0,5.0,3.0,Premium,Quarterly,4280.57,16.0,0.0
CUST-10830,61.0,Female,9.0,27.0,3.0,9.0,Standard,Monthly,1184.06,9.0,0.0
CUST-10831,22.0,Male,26.0,9.0,5.0,20.0,Basic,Annual,3587.07,4.0,1.0
CUST-10832,47.0,Female,4.0,15.0,6.0,3.0,Standard,Quarterly,538.28,26.0,1.0
CUST-10833,47.0,Female,17.0,20.0,0.0,14.0,Standard,Annual,2108.26,20.0,1.0
CUST-10834,34.0,Female,16.0,2.0,0.0,3.0,Basic,Monthly,2585.87,8.0,0.0
CUST-10835,65.0,Female,15.0,25.0,2.0,1.0,Basic,Monthly,1408.0,27.0,0.0
CUST-10836,64.0,Male,35.0,13.0,5.0,0.0,Standard,Monthly,3681.55,4.0,1.0
CUST-10837,40.0,Male,57.0,2.0,3.0,2.0,Standard,Monthly,6943.1,9.0,1.0
CUST-10838,32.0,Male,52.0,19.0,1.0,3.0,Basic,Monthly,3246.07,11.0,0.0
CUST-10839,54.0,Male,5.0,26.0,3.0,20.0,Premium,Annual,814.83,24.0,1.0
CUST-10840,38.0,Male,55.0,2.0,0.0,1.0,Standard,Monthly,4500.89,5.0,0.0
CUST-10841,31.0,Male,5.0,3.0,1.0,3.0,Basic,Annual,625.31,9.0,0.0
CUST-10842,19.0,Male,20.0,6.0,1.0,0.0,Basic,Monthly,1504.94,8.0,0.0
CUST-10843,28.0,Female,15.0,3.0,1.0,10.0,Standard,Quarterly,1673.07,26.0,0.0
CUST-10844,56.0,Female,18.0,10.0,1.0,17.0,Standard,Monthly,1532.87,4.0,0.0
CUST-10845,55.0,Male,47.0,24.0,1.0,1.0,Standard,Monthly,5365.41,20.0,0.0
CUST-10846,51.0,Female,2.0,27.0,0.0,3.0,Basic,Annual,289.93,1.0,0.0
CUST-10847,55.0,Male,29.0,6.0,0.0,0.0,Standard,Monthly,1945.63,20.0,0.0
CUST-10848,67.0,Male,13.0,23.0,2.0,4.0,Premium,Quarterly,1229.36,28.0,0.0
CUST-10849,51.0,Female,4.0,16.0,5.0,1.0,Basic,Quarterly,296.73,13.0,1.0
CUST-10850,35.0,Male,42.0,17.0,4.0,5.0,Basic,Annual,4001.92,24.0,0.0
CUST-10851,47.0,Male,45.0,19.0,2.0,9.0,Premium,Quarterly,3570.8,28.0,0.0
CUST-10852,32.0,Female,10.0,3.0,1.0,5.0,Basic,Monthly,1569.59,28.0,0.0
CUST-10853,44.0,Female,31.0,18.0,2.0,1.0,Basic,Quarterly,2807.17,5.0,0.0
CUST-10854,51.0,Female,41.0,7.0,1.0,3.0,Basic,Monthly,3725.69,22.0,0.0
CUST-10855,55.0,Female,8.0,9.0,2.0,7.0,Basic,Monthly,1064.65,20.0,1.0
CUST-10856,50.0,Female,3.0,20.0,3.0,6.0,Standard,Monthly,611.24,21.0,1.0
CUST-10857,41.0,Male,48.0,12.0,6.0,1.0,Basic,Monthly,5132.33,10.0,0.0
CUST-10858,32.0,Male,46.0,5.0,1.0,13.0,Premium,Monthly,6249.65,16.0,1.0
CUST-10859,47.0,Male,9.0,3.0,4.0,4.0,Standard,Annual,1002.2,8.0,0.0
CUST-10860,59.0,Male,30.0,11.0,2.0,1.0,Standard,Quarterly,4760.05,12.0,0.0
CUST-10861,34.0,Female,53.0,25.0,3.0,0.0,Basic,Annual,7617.39,25.0,0.0
CUST-10862,22.0,Male,11.0,4.0,4.0,23.0,Standard,Monthly,1157.86,3.0,1.0
CUST-10863,46.0,Female,35.0,5.0,1.0,2.0,Standard,Quarterly,5191.53,26.0,0.0
CUST-10864,21.0,Female,37.0,1.0,0.0,16.0,Premium,Monthly,4944.02,4.0,0.0
CUST-10865,27.0,Female,42.0,27.0,7.0,3.0,Premium,Monthly,6348.33,17.0,1.0
CUST-10866,34.0,Female,13.0,28.0,1.0,3.0,Standard,Annual,2021.61,27.0,0.0
CUST-10867,27.0,Female,36.0,29.0,5.0,8.0,Standard,Annual,4453.07,21.0,0.0
CUST-10868,34.0,Male,56.0,18.0,1.0,0.0,Premium,Monthly,3004.92,20.0,0.0
CUST-10869,37.0,Female,13.0,12.0,2.0,2.0,Standard,Annual,1334.29,22.0,0.0
CUST-10870,41.0,Male,12.0,13.0,2.0,2.0,Basic,Quarterly,956.51,22.0,1.0
CUST-10871,22.0,Female,37.0,9.0,2.0,14.0,Basic,Annual,3146.91,13.0,0.0
CUST-10872,51.0,Male,10.0,2.0,6.0,5.0,Premium,Quarterly,1679.77,26.0,1.0
CUST-10873,23.0,Female,56.0,5.0,2.0,3.0,Basic,Annual,3603.31,6.0,0.0
CUST-10874,19.0,Female,9.0,13.0,2.0,2.0,Premium,Annual,1171.09,3.0,0.0
CUST-10875,30.0,Male,52.0,16.0,6.0,6.0,Basic,Monthly,3876.76,14.0,0.0
CUST-10876,60.0,Male,7.0,16.0,3.0,1.0,Standard,Monthly,584.03,7.0,1.0
CUST-10877,60.0,Female,2.0,24.0,3.0,1.0,Standard,Monthly,683.86,3.0,1.0
CUST-10878,65.0,Male,54.0,3.0,5.0,2.0,Basic,Quarterly,3876.34,6.0,1.0
CUST-10879,28.0,Female,56.0,22.0,2.0,6.0,Standard,Annual,8603.72,29.0,0.0
CUST-10880,64.0,Female,23.0,4.0,1.0,3.0,Standard,Quarterly,2056.03,13.0,0.0
CUST-10881,40.0,Male,39.0,11.0,4.0,4.0,Standard,Quarterly,3148.92,14.0,0.0
CUST-10882,33.0,Male,40.0,23.0,0.0,7.0,Standard,Monthly,2411.98,15.0,0.0
CUST-10883,48.0,Male,39.0,26.0,2.0,21.0,Basic,Monthly,3464.83,26.0,1.0
CUST-10884,28.0,Female,21.0,14.0,4.0,10.0,Standard,Monthly,1402.87,16.0,1.0
CUST-10885,33.0,Male,23.0,29.0,7.0,3.0,Basic,Quarterly,2528.37,1.0,0.0
CUST-10886,25.0,Female,29.0,3.0,3.0,9.0,Basic,Monthly,3074.59,15.0,0.0
CUST-10887,21.0,Female,14.0,16.0,1.0,20.0,Premium,Monthly,970.3,24.0,0.0
CUST-10888,57.0,Female,26.0,22.0,1.0,4.0,Standard,Monthly,2078.91,7.0,0.0
CUST-10889,21.0,Female,51.0,15.0,2.0,3.0,Standard,Monthly,6964.99,28.0,0.0
CUST-10890,42.0,Female,5.0,28.0,4.0,0.0,Standard,Monthly,573.4,9.0,1.0
CUST-10891,20.0,Male,55.0,10.0,3.0,15.0,Basic,Monthly,5382.26,15.0,0.0
CUST-10892,49.0,Female,31.0,9.0,5.0,1.0,Standard,Annual,3872.09,14.0,0.0
CUST-10893,20.0,Female,25.0,11.0,3.0,0.0,Premium,Monthly,3288.97,19.0,0.0
CUST-10894,44.0,Female,31.0,16.0,2.0,5.0,Basic,Annual,4318.57,28.0,0.0
CUST-10895,46.0,Female,50.0,10.0,6.0,13.0,Premium,Monthly,6904.15,24.0,0.0
CUST-10896,49.0,Male,20.0,17.0,1.0,3.0,Standard,Annual,1944.08,18.0,0.0
CUST-10897,67.0,Male,44.0,19.0,5.0,10.0,Basic,Quarterly,2608.6,9.0,0.0
CUST-10898,36.0,Female,55.0,2.0,3.0,12.0,Standard,Annual,5274.08,1.0,0.0
CUST-10899,38.0,Male,17.0,24.0,5.0,4.0,Basic,Annual,2465.38,12.0,1.0
CUST-10900,22.0,Female,45.0,23.0,2.0,6.0,Basic,Quarterly,3071.4,10.0,0.0
CUST-10901,35.0,Female,2.0,2.0,4.0,5.0,Premium,Annual,367.41,7.0,0.0
CUST-10902,45.0,Male,25.0,6.0,4.0,19.0,Premium,Quarterly,3388.84,14.0,0.0
CUST-10903,59.0,Female,13.0,19.0,4.0,9.0,Premium,Quarterly,1353.78,26.0,1.0
CUST-10904,39.0,Male,58.0,8.0,3.0,18.0,Premium,Monthly,4713.43,1.0,0.0
CUST-10905,38.0,Female,39.0,26.0,5.0,1.0,Premium,Annual,3371.01,15.0,0.0
CUST-10906,23.0,Female,28.0,29.0,0.0,2.0,Premium,Annual,1952.2,22.0,0.0
CUST-10907,18.0,Female,42.0,3.0,3.0,0.0,Basic,Monthly,3664.97,1.0,0.0
CUST-10908,22.0,Male,55.0,26.0,3.0,4.0,Standard,Quarterly,3459.74,13.0,0.0
CUST-10909,58.0,Male,6.0,14.0,3.0,14.0,Basic,Annual,1067.8,20.0,0.0
CUST-10910,29.0,Female,3.0,25.0,4.0,2.0,Standard,Quarterly,653.11,23.0,1.0
CUST-10911,43.0,Female,58.0,16.0,3.0,0.0,Premium,Annual,6711.48,2.0,0.0
CUST-10912,63.0,Female,35.0,1.0,1.0,0.0,Basic,Monthly,4394.31,3.0,1.0
CUST-10913,51.0,Male,18.0,21.0,6.0,4.0,Standard,Monthly,1852.22,4.0,1.0
CUST-10914,66.0,Male,11.0,3.0,1.0,1.0,Standard,Quarterly,1144.47,16.0,0.0
CUST-10915,31.0,Male,54.0,22.0,4.0,2.0,Basic,Monthly,2903.02,22.0,0.0
CUST-10916,43.0,Female,20.0,26.0,3.0,12.0,Basic,Monthly,1973.82,29.0,1.0
CUST-10917,62.0,Male,5.0,18.0,6.0,3.0,Standard,Quarterly,943.92,12.0,0.0
CUST-10918,44.0,Male,19.0,9.0,1.0,6.0,Basic,Monthly,2987.94,25.0,0.0
CUST-10919,26.0,Female,22.0,6.0,3.0,4.0,Standard,Monthly,2397.13,4.0,0.0
CUST-10920,43.0,Male,59.0,23.0,1.0,8.0,Standard,Monthly,5268.4,22.0,0.0
CUST-10921,64.0,Female,19.0,21.0,3.0,1.0,Standard,Quarterly,1862.9,12.0,1.0
CUST-10922,39.0,Female,47.0,25.0,0.0,17.0,Basic,Monthly,4842.21,7.0,0.0
CUST-10923,64.0,Female,16.0,1.0,1.0,7.0,Standard,Monthly,1995.43,20.0,0.0
CUST-10924,47.0,Male,24.0,21.0,1.0,2.0,Basic,Quarterly,3333.01,22.0,0.0
CUST-10925,60.0,Male,41.0,27.0,2.0,0.0,Premium,Monthly,5546.72,3.0,0.0
CUST-10926,65.0,Female,4.0,10.0,4.0,1.0,Basic,Annual,810.89,5.0,1.0
CUST-10927,34.0,Female,15.0,27.0,3.0,10.0,Premium,Monthly,1506.51,12.0,1.0
CUST-10928,43.0,Female,25.0,6.0,2.0,6.0,Standard,Annual,3908.74,12.0,0.0
CUST-10929,53.0,Male,44.0,23.0,3.0,3.0,Premium,Monthly,5554.99,27.0,0.0
CUST-10930,18.0,Female,55.0,12.0,2.0,2.0,Basic,Annual,5349.95,26.0,0.0
CUST-10931,25.0,Female,35.0,4.0,0.0,13.0,Basic,Monthly,3797.83,20.0,0.0
CUST-10932,66.0,Female,55.0,28.0,3.0,14.0,Standard,Monthly,7360.22,23.0,0.0
CUST-10933,52.0,Female,14.0,13.0,2.0,6.0,Basic,Annual,1706.37,22.0,0.0
CUST-10934,32.0,Female,49.0,17.0,3.0,5.0,Premium,Monthly,5178.4,7.0,1.0
CUST-10935,64.0,Female,19.0,27.0,3.0,11.0,Basic,Quarterly,1684.61,22.0,0.0
CUST-10936,39.0,Male,38.0,8.0,2.0,9.0,Premium,Monthly,5259.73,12.0,0.0
CUST-10937,31.0,Male,36.0,26.0,1.0,3.0,Premium,Quarterly,3887.18,2.0,0.0
CUST-10938,43.0,Male,7.0,20.0,1.0,0.0,Basic,Annual,947.48,14.0,0.0
CUST-10939,45.0,Male,30.0,3.0,3.0,10.0,Standard,Annual,4313.86,23.0,0.0
CUST-10940,40.0,Male,19.0,12.0,2.0,1.0,Basic,Monthly,3049.35,16.0,0.0
CUST-10941,31.0,Male,49.0,7.0,2.0,0.0,Basic,Monthly,6560.02,24.0,0.0
CUST-10942,41.0,Male,25.0,12.0,5.0,12.0,Basic,Annual,1612.96,7.0,0.0
CUST-10943,19.0,Male,16.0,2.0,3.0,6.0,Premium,Annual,1685.71,4.0,0.0
CUST-10944,62.0,Female,47.0,24.0,2.0,15.0,Standard,Monthly,4351.79,20.0,0.0
CUST-10945,43.0,Female,54.0,14.0,1.0,4.0,Standard,Quarterly,3968.9,28.0,0.0
CUST-10946,31.0,Male,40.0,22.0,4.0,18.0,Basic,Monthly,6109.12,5.0,1.0
CUST-10947,24.0,Female,51.0,23.0,4.0,3.0,Standard,Annual,7216.09,14.0,0.0
CUST-10948,20.0,Female,8.0,5.0,0.0,9.0,Basic,Monthly,988.75,9.0,1.0
CUST-10949,64.0,Male,18.0,9.0,2.0,2.0,Basic,Quarterly,1282.07,5.0,0.0
CUST-10950,40.0,Male,28.0,21.0,4.0,0.0,Basic,Quarterly,1616.44,2.0,0.0
CUST-10951,63.0,Female,16.0,11.0,3.0,3.0,Standard,Annual,1894.01,5.0,0.0
CUST-10952,60.0,Female,52.0,5.0,2.0,9.0,Standard,Annual,3072.15,29.0,0.0
CUST-10953,64.0,Female,19.0,3.0,1.0,1.0,Basic,Monthly,2231.32,3.0,0.0
CUST-10954,62.0,Male,42.0,27.0,1.0,4.0,Premium,Quarterly,4726.3,10.0,0.0
CUST-10955,35.0,Male,17.0,17.0,0.0,1.0,Basic,Annual,2531.66,8.0,0.0
CUST-10956,55.0,Male,45.0,2.0,2.0,0.0,Standard,Quarterly,3580.74,26.0,0.0
CUST-10957,52.0,Male,13.0,24.0,4.0,6.0,Basic,Quarterly,1563.21,10.0,1.0
CUST-10958,32.0,Male,7.0,1.0,3.0,21.0,Basic,Quarterly,1199.76,29.0,1.0
CUST-10959,42.0,Male,27.0,7.0,5.0,2.0,Premium,Monthly,2897.5,2.0,1.0
CUST-10960,54.0,Female,10.0,14.0,7.0,6.0,Premium,Quarterly,1014.44,14.0,1.0
CUST-10961,45.0,Female,34.0,5.0,2.0,21.0,Standard,Monthly,2392.77,27.0,1.0
CUST-10962,27.0,Male,36.0,19.0,1.0,7.0,Premium,Monthly,5174.78,4.0,0.0
CUST-10963,56.0,Female,25.0,28.0,6.0,7.0,Premium,Annual,3380.57,21.0,1.0
CUST-10964,34.0,Male,6.0,28.0,3.0,1.0,Standard,Monthly,965.57,12.0,1.0
CUST-10965,56.0,Male,24.0,11.0,2.0,4.0,Premium,Monthly,1861.93,20.0,0.0
CUST-10966,39.0,Male,18.0,23.0,2.0,3.0,Basic,Monthly,2555.63,29.0,0.0
CUST-10967,43.0,Female,23.0,25.0,2.0,4.0,Standard,Monthly,3007.54,14.0,0.0
CUST-10968,61.0,Female,6.0,2.0,3.0,11.0,Premium,Annual,560.13,16.0,0.0
CUST-10969,42.0,Female,29.0,8.0,1.0,4.0,Basic,Quarterly,4615.74,5.0,0.0
CUST-10970,34.0,Male,25.0,9.0,7.0,0.0,Premium,Monthly,2897.9,26.0,0.0
CUST-10971,30.0,Female,55.0,27.0,2.0,16.0,Basic,Monthly,7937.23,16.0,0.0
CUST-10972,37.0,Male,17.0,3.0,2.0,5.0,Premium,Monthly,2662.62,27.0,0.0
CUST-10973,42.0,Female,46.0,2.0,2.0,18.0,Basic,Monthly,4148.88,29.0,0.0
CUST-10974,21.0,Female,24.0,7.0,2.0,5.0,Basic,Quarterly,2828.39,4.0,0.0
CUST-10975,27.0,Male,11.0,5.0,5.0,0.0,Basic,Monthly,1508.91,29.0,0.0
CUST-10976,20.0,Female,26.0,21.0,0.0,5.0,Premium,Quarterly,3509.14,3.0,0.0
CUST-10977,58.0,Female,51.0,26.0,1.0,6.0,Basic,Monthly,5887.42,1.0,0.0
CUST-10978,62.0,Male,34.0,5.0,6.0,1.0,Standard,Monthly,4694.6,4.0,1.0
CUST-10979,35.0,Female,28.0,20.0,4.0,4.0,Standard,Monthly,1662.33,9.0,1.0
CUST-10980,64.0,Male,3.0,13.0,0.0,4.0,Basic,Monthly,783.97,1.0,0.0
CUST-10981,53.0,Female,11.0,21.0,5.0,6.0,Premium,Annual,1122.39,16.0,0.0
CUST-10982,64.0,Female,38.0,29.0,2.0,2.0,Basic,Monthly,3117.15,23.0,0.0
CUST-10983,39.0,Female,14.0,20.0,3.0,6.0,Standard,Monthly,2003.65,3.0,1.0
CUST-10984,51.0,Female,51.0,29.0,0.0,1.0,Standard,Annual,3121.52,24.0,0.0
CUST-10985,64.0,Female,26.0,6.0,1.0,4.0,Basic,Quarterly,2002.39,6.0,0.0
CUST-10986,25.0,Male,48.0,20.0,0.0,0.0,Basic,Monthly,3713.48,13.0,0.0
CUST-10987,57.0,Female,21.0,18.0,0.0,0.0,Standard,Annual,2129.21,17.0,0.0
CUST-10988,66.0,Male,54.0,25.0,2.0,2.0,Premium,Monthly,4614.39,15.0,0.0
CUST-10989,61.0,Female,56.0,2.0,2.0,2.0,Basic,Quarterly,7151.05,26.0,0.0
CUST-10990,36.0,Male,39.0,25.0,3.0,3.0,Basic,Monthly,4739.09,21.0,0.0
CUST-10991,59.0,Male,30.0,26.0,3.0,22.0,Premium,Quarterly,2637.21,12.0,0.0
CUST-10992,58.0,Female,59.0,6.0,3.0,5.0,Basic,Quarterly,5731.43,29.0,0.0
CUST-10993,54.0,Male,8.0,9.0,3.0,5.0,Standard,Monthly,935.09,8.0,0.0
CUST-10994,23.0,Female,51.0,25.0,2.0,19.0,Standard,Quarterly,6266.51,27.0,0.0
CUST-10995,43.0,Male,20.0,3.0,0.0,17.0,Basic,Quarterly,2227.64,16.0,0.0
CUST-10996,51.0,Male,48.0,1.0,4.0,15.0,Standard,Quarterly,3238.09,3.0,0.0
CUST-10997,62.0,Female,32.0,1.0,7.0,0.0,Premium,Annual,2190.65,28.0,0.0
CUST-10998,23.0,Male,22.0,19.0,0.0,7.0,Standard,Quarterly,1874.04,28.0,0.0
CUST-10999,54.0,Male,59.0,5.0,2.0,11.0,Standard,Monthly,7837.49,4.0,0.0
CUST-11000,50.0,Female,7.0,13.0,3.0,12.0,Standard,Quarterly,643.52,7.0,1.0
CUST-11001,39.0,Male,9.0,19.0,3.0,6.0,Standard,Quarterly,958.13,15.0,1.0
CUST-11002,38.0,Female,45.0,12.0,2.0,0.0,Basic,Monthly,3446.73,11.0,0.0
CUST-11003,23.0,Male,1.0,16.0,3.0,25.0,Standard,Quarterly,326.11,16.0,1.0
CUST-11004,23.0,Male,29.0,25.0,3.0,4.0,Basic,Quarterly,3694.76,22.0,0.0
CUST-11005,65.0,Female,8.0,25.0,3.0,3.0,Basic,Annual,931.94,14.0,0.0
CUST-11006,21.0,Male,56.0,19.0,2.0,3.0,Premium,Quarterly,4365.11,23.0,0.0
CUST-11007,47.0,Male,54.0,3.0,2.0,3.0,Premium,Monthly,7698.05,13.0,0.0
CUST-11008,28.0,Male,4.0,12.0,4.0,1.0,Premium,Quarterly,681.01,9.0,0.0
CUST-11009,47.0,Male,35.0,5.0,2.0,2.0,Basic,Annual,5548.51,25.0,0.0
CUST-11010,48.0,Female,59.0,2.0,2.0,29.0,Premium,Annual,5053.86,18.0,0.0
CUST-11011,41.0,Male,3.0,22.0,5.0,3.0,Standard,Annual,472.85,3.0,0.0
CUST-11012,26.0,Female,54.0,7.0,2.0,5.0,Premium,Annual,6584.29,20.0,0.0
CUST-11013,20.0,Female,45.0,13.0,4.0,13.0,Premium,Monthly,5287.16,22.0,1.0
CUST-11014,48.0,Male,40.0,25.0,2.0,5.0,Premium,Quarterly,6370.11,5.0,0.0
CUST-11015,57.0,Female,7.0,15.0,3.0,2.0,Premium,Quarterly,1255.57,22.0,0.0
CUST-11016,54.0,Male,27.0,22.0,0.0,5.0,Basic,Monthly,2667.22,27.0,0.0
CUST-11017,53.0,Female,1.0,3.0,1.0,0.0,Standard,Monthly,186.15,24.0,0.0
CUST-11018,41.0,Male,27.0,28.0,2.0,0.0,Basic,Annual,3721.81,2.0,0.0
CUST-11019,48.0,Female,16.0,21.0,3.0,8.0,Standard,Quarterly,2114.78,22.0,1.0
CUST-11020,23.0,Female,38.0,20.0,2.0,17.0,Premium,Annual,3069.92,25.0,1.0
CUST-11021,19.0,Male,7.0,5.0,4.0,9.0,Basic,Annual,756.04,21.0,0.0
CUST-11022,37.0,Female,44.0,24.0,7.0,0.0,Standard,Monthly,3836.49,17.0,0.0
CUST-11023,45.0,Female,23.0,8.0,3.0,3.0,Standard,Annual,3546.32,16.0,0.0
CUST-11024,28.0,Male,41.0,22.0,1.0,0.0,Basic,Monthly,4001.89,29.0,0.0
CUST-11025,21.0,Male,59.0,1.0,1.0,5.0,Basic,Quarterly,5100.35,24.0,0.0
CUST-11026,32.0,Female,11.0,8.0,2.0,1.0,Basic,Monthly,1758.45,20.0,0.0
CUST-11027,23.0,Female,42.0,24.0,0.0,14.0,Basic,Monthly,2673.46,24.0,1.0
CUST-11028,66.0,Female,53.0,18.0,3.0,0.0,Standard,Annual,5966.71,13.0,0.0
CUST-11029,47.0,Female,33.0,20.0,1.0,0.0,Standard,Monthly,4776.74,20.0,0.0
CUST-11030,55.0,Female,50.0,28.0,2.0,4.0,Basic,Quarterly,4980.12,11.0,0.0
CUST-11031,19.0,Female,36.0,16.0,2.0,1.0,Premium,Monthly,2966.05,8.0,1.0
CUST-11032,32.0,Male,37.0,18.0,0.0,9.0,Standard,Monthly,4111.37,25.0,0.0
CUST-11033,28.0,Male,41.0,20.0,3.0,17.0,Standard,Monthly,5205.06,21.0,0.0
CUST-11034,25.0,Female,59.0,12.0,1.0,0.0,Basic,Quarterly,6211.5,5.0,0.0
CUST-11035,43.0,Female,17.0,13.0,4.0,3.0,Standard,Monthly,1052.05,2.0,0.0
CUST-11036,62.0,Male,35.0,13.0,3.0,40.0,Basic,Monthly,2320.26,25.0,1.0
CUST-11037,61.0,Male,48.0,10.0,4.0,9.0,Standard,Quarterly,5970.46,27.0,0.0
CUST-11038,22.0,Female,5.0,7.0,1.0,21.0,Standard,Monthly,516.45,4.0,1.0
CUST-11039,23.0,Female,48.0,25.0,2.0,1.0,Basic,Monthly,6620.76,3.0,0.0
CUST-11040,43.0,Male,32.0,14.0,1.0,1.0,Premium,Annual,4146.39,2.0,1.0
CUST-11041,21.0,Male,3.0,24.0,0.0,1.0,Standard,Monthly,408.73,3.0,0.0
CUST-11042,36.0,Male,52.0,16.0,4.0,2.0,Basic,Monthly,7584.51,16.0,0.0
CUST-11043,37.0,Male,47.0,15.0,4.0,9.0,Premium,Quarterly,2743.07,20.0,0.0
CUST-11044,50.0,Male,35.0,12.0,0.0,1.0,Standard,Quarterly,2510.21,9.0,0.0
CUST-11045,37.0,Male,52.0,9.0,1.0,5.0,Standard,Quarterly,6152.76,6.0,0.0
CUST-11046,66.0,Female,14.0,8.0,4.0,2.0,Standard,Annual,1048.31,26.0,1.0
CUST-11047,29.0,Male,48.0,18.0,2.0,12.0,Basic,Monthly,5766.19,15.0,0.0
CUST-11048,64.0,Female,31.0,23.0,3.0,0.0,Premium,Annual,4990.68,5.0,0.0
CUST-11049,18.0,Female,31.0,18.0,4.0,1.0,Standard,Annual,4560.99,29.0,0.0
CUST-11050,43.0,Male,17.0,13.0,2.0,6.0,Basic,Annual,2050.2,9.0,0.0
CUST-11051,31.0,Female,24.0,28.0,5.0,0.0,Premium,Monthly,3657.2,24.0,0.0
CUST-11052,55.0,Male,52.0,27.0,3.0,4.0,Standard,Annual,3542.93,6.0,0.0
CUST-11053,54.0,Female,23.0,18.0,2.0,4.0,Standard,Monthly,2543.84,3.0,0.0
CUST-11054,28.0,Male,18.0,15.0,4.0,13.0,Premium,Quarterly,1999.86,23.0,1.0
CUST-11055,53.0,Female,50.0,4.0,1.0,6.0,Basic,Monthly,4531.31,13.0,0.0
CUST-11056,30.0,Female,54.0,17.0,3.0,7.0,Basic,Annual,2890.63,26.0,0.0
CUST-11057,60.0,Male,14.0,5.0,1.0,21.0,Basic,Quarterly,2198.2,22.0,0.0
CUST-11058,20.0,Male,50.0,22.0,2.0,28.0,Premium,Monthly,6739.45,28.0,1.0
CUST-11059,50.0,Female,15.0,16.0,1.0,7.0,Basic,Annual,2118.75,15.0,0.0
CUST-11060,23.0,Female,15.0,9.0,2.0,5.0,Basic,Quarterly,1188.82,11.0,1.0
CUST-11061,67.0,Male,6.0,10.0,2.0,6.0,Basic,Quarterly,741.32,16.0,0.0
CUST-11062,27.0,Female,27.0,24.0,4.0,3.0,Basic,Monthly,4217.83,15.0,0.0
CUST-11063,22.0,Male,15.0,18.0,2.0,30.0,Standard,Annual,1825.37,24.0,0.0
CUST-11064,40.0,Female,50.0,17.0,2.0,8.0,Premium,Quarterly,5571.32,28.0,0.0
CUST-11065,27.0,Male,36.0,18.0,1.0,2.0,Basic,Monthly,5349.28,6.0,0.0
CUST-11066,61.0,Female,55.0,7.0,2.0,0.0,Standard,Quarterly,5957.1,14.0,0.0
CUST-11067,19.0,Male,8.0,4.0,2.0,0.0,Premium,Quarterly,1098.33,11.0,0.0
CUST-11068,30.0,Male,15.0,26.0,2.0,1.0,Standard,Quarterly,1449.63,26.0,0.0
CUST-11069,57.0,Male,3.0,5.0,2.0,1.0,Premium,Monthly,661.2,20.0,0.0
CUST-11070,19.0,Male,47.0,28.0,1.0,3.0,Standard,Monthly,5771.49,10.0,0.0
CUST-11071,37.0,Female,13.0,23.0,5.0,1.0,Basic,Quarterly,1404.87,16.0,1.0
CUST-11072,18.0,Male,41.0,16.0,0.0,6.0,Premium,Annual,4695.6,12.0,0.0
CUST-11073,54.0,Female,34.0,3.0,1.0,1.0,Standard,Quarterly,2904.67,7.0,0.0
CUST-11074,26.0,Male,24.0,26.0,1.0,1.0,Basic,Monthly,1685.19,7.0,0.0
CUST-11075,34.0,Male,40.0,18.0,3.0,4.0,Basic,Monthly,4182.77,27.0,0.0
CUST-11076,26.0,Male,32.0,29.0,4.0,15.0,Premium,Quarterly,2379.65,24.0,1.0
CUST-11077,28.0,Male,32.0,23.0,3.0,4.0,Premium,Annual,4569.83,18.0,0.0
CUST-11078,32.0,Male,30.0,21.0,4.0,3.0,Standard,Monthly,2549.04,15.0,0.0
CUST-11079,41.0,Male,52.0,14.0,3.0,6.0,Premium,Quarterly,5882.66,27.0,0.0
CUST-11080,55.0,Female,49.0,15.0,1.0,2.0,Standard,Monthly,4171.77,6.0,0.0
CUST-11081,52.0,Male,13.0,17.0,0.0,3.0,Basic,Monthly,1339.14,19.0,0.0
CUST-11082,47.0,Female,1.0,1.0,3.0,1.0,Standard,Monthly,309.31,8.0,0.0
CUST-11083,48.0,Female,34.0,25.0,3.0,5.0,Standard,Annual,5304.36,20.0,0.0
CUST-11084,66.0,Male,15.0,21.0,5.0,8.0,Standard,Annual,1496.87,15.0,0.0
CUST-11085,22.0,Male,44.0,17.0,2.0,7.0,Basic,Monthly,6137.99,4.0,0.0
CUST-11086,61.0,Female,14.0,23.0,2.0,2.0,Basic,Quarterly,1407.46,18.0,1.0
CUST-11087,67.0,Female,57.0,25.0,3.0,10.0,Premium,Monthly,3535.48,13.0,1.0
CUST-11088,31.0,Female,29.0,11.0,3.0,2.0,Premium,Quarterly,3807.5,22.0,0.0
CUST-11089,28.0,Male,34.0,17.0,3.0,1.0,Standard,Quarterly,3906.15,22.0,0.0
CUST-11090,26.0,Female,18.0,26.0,4.0,3.0,Premium,Monthly,1972.75,1.0,0.0
CUST-11091,51.0,Female,54.0,14.0,4.0,6.0,Standard,Monthly,4379.99,28.0,0.0
CUST-11092,29.0,Female,7.0,29.0,1.0,1.0,Premium,Annual,670.67,8.0,0.0
CUST-11093,52.0,Female,29.0,20.0,2.0,7.0,Basic,Quarterly,3256.13,19.0,0.0
CUST-11094,52.0,Male,55.0,19.0,1.0,13.0,Basic,Monthly,7644.54,17.0,0.0
CUST-11095,18.0,Male,31.0,21.0,2.0,2.0,Standard,Quarterly,2020.92,10.0,0.0
CUST-11096,57.0,Female,25.0,7.0,4.0,4.0,Basic,Annual,3691.98,1.0,0.0
CUST-11097,39.0,Female,38.0,24.0,1.0,1.0,Standard,Quarterly,3092.17,1.0,0.0
CUST-11098,46.0,Male,14.0,13.0,2.0,3.0,Premium,Monthly,1521.84,21.0,0.0
CUST-11099,25.0,Male,8.0,18.0,2.0,0.0,Standard,Quarterly,920.07,5.0,0.0
CUST-11100,28.0,Male,27.0,23.0,1.0,21.0,Premium,Quarterly,2691.21,1.0,1.0
CUST-11101,58.0,Male,54.0,14.0,1.0,3.0,Standard,Quarterly,3509.49,21.0,0.0
CUST-11102,54.0,Female,2.0,1.0,2.0,10.0,Standard,Annual,446.62,23.0,0.0
CUST-11103,31.0,Female,17.0,7.0,0.0,1.0,Standard,Monthly,2897.3,21.0,0.0
CUST-11104,47.0,Male,37.0,8.0,2.0,11.0,Basic,Quarterly,4940.31,25.0,1.0
CUST-11105,52.0,Male,14.0,18.0,0.0,13.0,Basic,Monthly,2080.1,20.0,1.0
CUST-11106,38.0,Male,25.0,9.0,0.0,8.0,Standard,Monthly,1549.11,13.0,0.0
CUST-11107,54.0,Male,56.0,1.0,1.0,16.0,Premium,Quarterly,8406.33,9.0,0.0
CUST-11108,22.0,Female,30.0,29.0,3.0,1.0,Standard,Annual,3184.25,16.0,0.0
CUST-11109,36.0,Female,29.0,22.0,1.0,4.0,Basic,Monthly,4263.71,28.0,0.0
CUST-11110,31.0,Female,20.0,17.0,2.0,6.0,Basic,Annual,1505.59,8.0,0.0
CUST-11111,43.0,Male,21.0,19.0,2.0,6.0,Premium,Monthly,2091.04,14.0,1.0
CUST-11112,21.0,Female,53.0,27.0,4.0,13.0,Standard,Monthly,8350.47,29.0,0.0
CUST-11113,42.0,Female,22.0,6.0,2.0,1.0,Premium,Monthly,2172.9,17.0,0.0
CUST-11114,62.0,Female,35.0,3.0,3.0,1.0,Standard,Quarterly,5124.12,29.0,0.0
CUST-11115,59.0,Male,37.0,24.0,2.0,2.0,Standard,Quarterly,3540.79,4.0,0.0
CUST-11116,42.0,Male,16.0,5.0,2.0,15.0,Standard,Monthly,1952.73,7.0,1.0
CUST-11117,35.0,Male,50.0,2.0,3.0,19.0,Basic,Monthly,6867.26,17.0,1.0
CUST-11118,57.0,Male,58.0,20.0,3.0,5.0,Standard,Quarterly,6793.08,28.0,0.0
CUST-11119,25.0,Male,49.0,25.0,1.0,4.0,Standard,Quarterly,6072.76,24.0,0.0
CUST-11120,56.0,Male,43.0,4.0,1.0,6.0,Standard,Monthly,3518.02,16.0,0.0
CUST-11121,57.0,Male,17.0,10.0,2.0,6.0,Premium,Annual,1560.91,14.0,0.0
CUST-11122,31.0,Female,16.0,10.0,2.0,1.0,Basic,Quarterly,1409.85,16.0,0.0
CUST-11123,49.0,Male,58.0,24.0,3.0,8.0,Standard,Monthly,5995.81,27.0,0.0
CUST-11124,55.0,Male,55.0,21.0,2.0,4.0,Basic,Monthly,7342.2,2.0,0.0
CUST-11125,50.0,Female,2.0,11.0,4.0,5.0,Basic,Quarterly,615.42,24.0,1.0
CUST-11126,40.0,Female,4.0,27.0,2.0,0.0,Standard,Monthly,722.43,15.0,0.0
CUST-11127,32.0,Female,21.0,16.0,4.0,10.0,Basic,Quarterly,3050.77,11.0,1.0
CUST-11128,50.0,Female,39.0,26.0,0.0,12.0,Standard,Monthly,3229.0,13.0,0.0
CUST-11129,42.0,Female,34.0,29.0,4.0,6.0,Basic,Quarterly,4887.22,4.0,0.0
CUST-11130,34.0,Female,30.0,29.0,2.0,9.0,Basic,Monthly,4604.0,24.0,1.0
CUST-11131,50.0,Male,6.0,17.0,2.0,5.0,Basic,Annual,707.1,1.0,0.0
CUST-11132,64.0,Male,17.0,16.0,4.0,6.0,Basic,Annual,1443.96,15.0,0.0
CUST-11133,19.0,Male,39.0,7.0,3.0,3.0,Premium,Annual,2370.18,12.0,1.0
CUST-11134,31.0,Male,25.0,16.0,3.0,10.0,Standard,Monthly,3261.11,21.0,1.0
CUST-11135,57.0,Male,5.0,3.0,0.0,4.0,Premium,Annual,587.31,9.0,0.0
CUST-11136,57.0,Female,5.0,26.0,5.0,7.0,Basic,Quarterly,959.68,7.0,0.0
CUST-11137,56.0,Female,20.0,16.0,1.0,6.0,Premium,Quarterly,2106.42,3.0,0.0
CUST-11138,23.0,Female,16.0,8.0,1.0,8.0,Standard,Monthly,2637.85,16.0,0.0
CUST-11139,23.0,Male,51.0,12.0,3.0,10.0,Basic,Quarterly,6811.54,4.0,0.0
CUST-11140,20.0,Female,41.0,3.0,1.0,5.0,Standard,Annual,6038.18,26.0,0.0
CUST-11141,24.0,Female,37.0,17.0,3.0,11.0,Standard,Monthly,2914.4,23.0,1.0
CUST-11142,25.0,Male,40.0,21.0,2.0,4.0,Standard,Monthly,3366.04,14.0,0.0
CUST-11143,59.0,Female,9.0,18.0,1.0,21.0,Standard,Monthly,593.67,22.0,1.0
CUST-11144,32.0,Male,5.0,11.0,4.0,9.0,Standard,Monthly,720.75,13.0,1.0
CUST-11145,64.0,Male,42.0,4.0,2.0,1.0,Basic,Quarterly,4266.74,29.0,0.0
CUST-11146,46.0,Female,57.0,16.0,0.0,12.0,Standard,Annual,8697.31,20.0,0.0
CUST-11147,50.0,Male,2.0,17.0,3.0,5.0,Premium,Monthly,340.73,19.0,0.0
CUST-11148,47.0,Male,9.0,9.0,3.0,29.0,Basic,Quarterly,946.55,27.0,1.0
CUST-11149,56.0,Female,43.0,6.0,4.0,8.0,Standard,Monthly,5793.14,2.0,0.0
CUST-11150,44.0,Female,36.0,24.0,2.0,0.0,Standard,Monthly,2908.6,10.0,0.0
CUST-11151,53.0,Male,22.0,27.0,4.0,3.0,Premium,Quarterly,1703.08,28.0,0.0
CUST-11152,46.0,Male,22.0,20.0,2.0,5.0,Standard,Monthly,3171.36,25.0,1.0
CUST-11153,55.0,Male,22.0,25.0,4.0,12.0,Basic,Quarterly,3743.91,19.0,0.0
CUST-11154,50.0,Female,34.0,2.0,1.0,9.0,Standard,Monthly,2072.98,15.0,0.0
CUST-11155,54.0,Male,55.0,9.0,2.0,3.0,Standard,Quarterly,7631.47,7.0,0.0
CUST-11156,44.0,Male,29.0,28.0,3.0,7.0,Standard,Monthly,4186.94,15.0,1.0
CUST-11157,50.0,Female,38.0,21.0,6.0,6.0,Standard,Annual,2596.26,17.0,0.0
CUST-11158,21.0,Female,59.0,29.0,2.0,0.0,Standard,Annual,4747.76,24.0,0.0
CUST-11159,39.0,Male,46.0,6.0,3.0,1.0,Premium,Monthly,5956.53,16.0,0.0
CUST-11160,19.0,Female,33.0,3.0,3.0,2.0,Standard,Monthly,4403.63,17.0,0.0
CUST-11161,27.0,Female,18.0,20.0,2.0,1.0,Standard,Monthly,1864.61,28.0,0.0
CUST-11162,22.0,Male,7.0,6.0,4.0,1.0,Basic,Quarterly,620.67,16.0,1.0
CUST-11163,27.0,Male,1.0,7.0,1.0,0.0,Basic,Monthly,491.02,18.0,0.0
CUST-11164,50.0,Female,33.0,1.0,6.0,14.0,Premium,Quarterly,4289.81,17.0,0.0
CUST-11165,55.0,Male,1.0,23.0,3.0,2.0,Standard,Monthly,486.24,4.0,1.0
CUST-11166,30.0,Female,24.0,1.0,1.0,2.0,Standard,Monthly,1935.24,2.0,0.0
CUST-11167,48.0,Male,4.0,5.0,2.0,1.0,Premium,Monthly,676.31,17.0,0.0
CUST-11168,64.0,Male,4.0,6.0,2.0,4.0,Basic,Monthly,508.41,17.0,0.0
CUST-11169,53.0,Male,18.0,13.0,0.0,5.0,Premium,Quarterly,2679.09,2.0,0.0
CUST-11170,62.0,Male,27.0,2.0,4.0,1.0,Premium,Monthly,4332.6,22.0,0.0
CUST-11171,41.0,Male,43.0,15.0,2.0,6.0,Premium,Annual,5924.56,2.0,0.0
CUST-11172,32.0,Male,59.0,15.0,3.0,8.0,Basic,Quarterly,8983.45,29.0,0.0
CUST-11173,46.0,Female,32.0,13.0,0.0,3.0,Standard,Monthly,5099.43,15.0,0.0
CUST-11174,25.0,Female,33.0,26.0,2.0,6.0,Basic,Monthly,4151.56,29.0,1.0
CUST-11175,22.0,Female,28.0,25.0,1.0,4.0,Standard,Monthly,3726.95,28.0,1.0
CUST-11176,46.0,Female,42.0,14.0,3.0,1.0,Standard,Quarterly,5330.94,28.0,0.0
CUST-11177,64.0,Male,41.0,26.0,1.0,9.0,Basic,Monthly,5029.58,16.0,0.0
CUST-11178,21.0,Female,55.0,22.0,7.0,11.0,Standard,Monthly,3269.82,11.0,1.0
CUST-11179,29.0,Male,36.0,7.0,2.0,7.0,Standard,Monthly,3445.75,29.0,0.0
CUST-11180,62.0,Female,6.0,14.0,0.0,2.0,Premium,Monthly,682.06,2.0,0.0
CUST-11181,19.0,Female,16.0,26.0,3.0,18.0,Standard,Annual,1608.16,8.0,0.0
CUST-11182,44.0,Female,34.0,24.0,6.0,4.0,Basic,Annual,2146.43,21.0,0.0
CUST-11183,48.0,Female,23.0,27.0,2.0,2.0,Basic,Monthly,3694.49,24.0,0.0
CUST-11184,53.0,Female,50.0,29.0,2.0,3.0,Premium,Quarterly,5084.65,12.0,0.0
CUST-11185,53.0,Male,42.0,10.0,1.0,8.0,Standard,Annual,3045.92,14.0,0.0
CUST-11186,43.0,Male,24.0,17.0,1.0,13.0,Standard,Monthly,2761.4,28.0,0.0
CUST-11187,60.0,Female,56.0,14.0,4.0,3.0,Basic,Quarterly,4337.85,14.0,0.0
CUST-11188,44.0,Male,49.0,8.0,3.0,1.0,Basic,Monthly,6723.33,24.0,0.0
CUST-11189,22.0,Female,13.0,4.0,2.0,6.0,Premium,Quarterly,1277.11,12.0,0.0
CUST-11190,37.0,Female,56.0,26.0,3.0,17.0,Premium,Quarterly,4697.64,2.0,0.0
CUST-11191,28.0,Male,18.0,16.0,2.0,1.0,Basic,Annual,2790.51,14.0,0.0
CUST-11192,27.0,Female,54.0,24.0,7.0,11.0,Standard,Monthly,5852.64,23.0,0.0
CUST-11193,57.0,Female,13.0,13.0,2.0,4.0,Basic,Quarterly,2065.07,25.0,0.0
CUST-11194,55.0,Female,49.0,22.0,4.0,11.0,Premium,Monthly,4828.03,12.0,0.0
CUST-11195,23.0,Female,37.0,27.0,3.0,4.0,Standard,Monthly,3426.97,24.0,0.0
CUST-11196,25.0,Female,43.0,25.0,3.0,3.0,Premium,Annual,4791.62,29.0,0.0
CUST-11197,40.0,Female,39.0,27.0,0.0,8.0,Standard,Quarterly,2257.69,9.0,0.0
CUST-11198,64.0,Female,42.0,20.0,1.0,16.0,Premium,Monthly,2923.55,29.0,0.0
CUST-11199,43.0,Male,17.0,18.0,1.0,2.0,Premium,Quarterly,1298.88,8.0,0.0
CUST-11200,63.0,Male,15.0,14.0,1.0,4.0,Basic,Monthly,2112.59,20.0,0.0
CUST-11201,60.0,Female,18.0,18.0,2.0,1.0,Premium,Monthly,2326.63,16.0,0.0
CUST-11202,29.0,Male,23.0,5.0,2.0,1.0,Premium,Quarterly,1974.3,10.0,1.0
CUST-11203,43.0,Female,54.0,26.0,0.0,10.0,Basic,Quarterly,4410.66,7.0,0.0
CUST-11204,30.0,Female,51.0,9.0,1.0,1.0,Premium,Monthly,7832.01,15.0,0.0
CUST-11205,57.0,Male,30.0,28.0,1.0,11.0,Standard,Quarterly,1817.93,25.0,0.0
CUST-11206,35.0,Female,58.0,3.0,2.0,3.0,Premium,Monthly,6419.06,9.0,0.0
CUST-11207,42.0,Female,34.0,8.0,3.0,37.0,Basic,Monthly,3961.57,4.0,1.0
CUST-11208,50.0,Female,58.0,20.0,3.0,1.0,Standard,Monthly,7238.23,23.0,0.0
CUST-11209,64.0,Male,4.0,22.0,3.0,0.0,Basic,Annual,553.67,6.0,0.0
CUST-11210,57.0,Male,3.0,10.0,2.0,0.0,Premium,Annual,796.28,28.0,0.0
CUST-11211,60.0,Male,7.0,22.0,3.0,12.0,Premium,Monthly,972.32,12.0,0.0
CUST-11212,29.0,Female,56.0,19.0,1.0,4.0,Standard,Monthly,4704.74,15.0,0.0
CUST-11213,61.0,Male,18.0,21.0,1.0,0.0,Standard,Quarterly,1703.41,19.0,0.0
CUST-11214,53.0,Female,42.0,28.0,1.0,14.0,Standard,Quarterly,3942.32,26.0,0.0
CUST-11215,65.0,Male,7.0,3.0,2.0,14.0,Basic,Monthly,833.21,22.0,1.0
CUST-11216,21.0,Male,40.0,11.0,1.0,11.0,Standard,Monthly,5835.48,24.0,1.0
CUST-11217,22.0,Female,6.0,11.0,4.0,1.0,Standard,Annual,888.77,2.0,1.0
CUST-11218,54.0,Female,22.0,17.0,1.0,3.0,Basic,Quarterly,3342.28,28.0,0.0
CUST-11219,25.0,Male,58.0,16.0,3.0,9.0,Basic,Monthly,5535.05,19.0,1.0
CUST-11220,59.0,Male,1.0,7.0,1.0,4.0,Standard,Quarterly,508.63,24.0,0.0
CUST-11221,66.0,Male,4.0,4.0,3.0,1.0,Standard,Monthly,617.59,20.0,1.0
CUST-11222,45.0,Male,46.0,23.0,1.0,1.0,Premium,Monthly,4703.49,20.0,0.0
CUST-11223,48.0,Female,49.0,19.0,5.0,25.0,Basic,Annual,6007.33,2.0,1.0
CUST-11224,26.0,Male,52.0,12.0,3.0,1.0,Basic,Monthly,7672.02,15.0,0.0
CUST-11225,46.0,Male,50.0,15.0,0.0,9.0,Standard,Monthly,6127.22,27.0,0.0
CUST-11226,31.0,Male,43.0,11.0,1.0,4.0,Standard,Quarterly,4716.59,26.0,0.0
CUST-11227,57.0,Female,29.0,5.0,0.0,9.0,Standard,Annual,1608.29,12.0,0.0
CUST-11228,58.0,Female,21.0,5.0,3.0,7.0,Standard,Quarterly,3139.95,29.0,0.0
CUST-11229,39.0,Male,26.0,15.0,1.0,4.0,Standard,Monthly,3943.28,1.0,0.0
CUST-11230,28.0,Female,14.0,29.0,5.0,3.0,Standard,Quarterly,1558.97,23.0,1.0
CUST-11231,40.0,Male,9.0,18.0,2.0,9.0,Basic,Quarterly,649.59,14.0,0.0
CUST-11232,18.0,Male,59.0,11.0,4.0,2.0,Basic,Monthly,7698.94,4.0,0.0
CUST-11233,63.0,Female,47.0,26.0,1.0,10.0,Basic,Quarterly,6194.86,22.0,0.0
CUST-11234,54.0,Female,12.0,12.0,5.0,7.0,Basic,Monthly,1301.34,24.0,0.0
CUST-11235,38.0,Female,42.0,2.0,6.0,6.0,Basic,Annual,4270.65,11.0,1.0
CUST-11236,43.0,Female,51.0,20.0,3.0,3.0,Basic,Quarterly,7116.98,7.0,0.0
CUST-11237,63.0,Male,56.0,15.0,1.0,1.0,Premium,Monthly,4358.96,13.0,0.0
CUST-11238,53.0,Female,51.0,20.0,1.0,8.0,Basic,Quarterly,4966.82,14.0,0.0
CUST-11239,40.0,Male,6.0,4.0,1.0,0.0,Basic,Monthly,393.24,7.0,1.0
CUST-11240,18.0,Female,20.0,22.0,0.0,24.0,Premium,Quarterly,1725.65,22.0,0.0
CUST-11241,57.0,Male,24.0,18.0,3.0,26.0,Standard,Monthly,3884.11,11.0,1.0
CUST-11242,32.0,Female,27.0,6.0,2.0,0.0,Standard,Monthly,3182.26,20.0,0.0
CUST-11243,38.0,Male,38.0,23.0,2.0,0.0,Standard,Quarterly,5044.48,20.0,0.0
CUST-11244,64.0,Male,8.0,27.0,1.0,3.0,Standard,Annual,1133.56,25.0,0.0
CUST-11245,26.0,Female,1.0,26.0,2.0,23.0,Basic,Monthly,265.45,11.0,1.0
CUST-11246,26.0,Male,54.0,19.0,3.0,3.0,Basic,Quarterly,6042.55,21.0,0.0
CUST-11247,27.0,Female,49.0,11.0,0.0,3.0,Premium,Quarterly,2645.55,9.0,0.0
CUST-11248,43.0,Male,49.0,28.0,3.0,8.0,Basic,Monthly,7289.99,27.0,1.0
CUST-11249,58.0,Male,24.0,24.0,3.0,1.0,Basic,Monthly,1798.67,28.0,0.0
CUST-11250,52.0,Male,47.0,2.0,1.0,3.0,Standard,Quarterly,4786.03,25.0,0.0
CUST-11251,42.0,Male,7.0,27.0,1.0,2.0,Basic,Monthly,1088.98,4.0,0.0
CUST-11252,43.0,Female,19.0,8.0,2.0,6.0,Standard,Annual,1107.95,2.0,0.0
CUST-11253,28.0,Male,22.0,29.0,2.0,1.0,Premium,Quarterly,1636.28,2.0,0.0
CUST-11254,55.0,Female,57.0,11.0,5.0,5.0,Premium,Annual,7308.94,25.0,0.0
CUST-11255,19.0,Female,55.0,5.0,0.0,13.0,Premium,Monthly,4613.77,9.0,0.0
CUST-11256,24.0,Male,35.0,18.0,2.0,5.0,Basic,Annual,3446.45,19.0,0.0
CUST-11257,35.0,Female,30.0,23.0,4.0,8.0,Premium,Monthly,3645.28,15.0,1.0
CUST-11258,44.0,Female,29.0,18.0,3.0,0.0,Basic,Quarterly,2592.92,21.0,0.0
CUST-11259,51.0,Female,22.0,14.0,2.0,4.0,Basic,Monthly,3106.72,21.0,1.0
CUST-11260,44.0,Male,11.0,22.0,3.0,0.0,Standard,Monthly,1862.05,18.0,0.0
CUST-11261,34.0,Male,20.0,10.0,2.0,6.0,Standard,Monthly,1311.9,16.0,0.0
CUST-11262,60.0,Female,29.0,3.0,0.0,2.0,Basic,Monthly,3473.39,2.0,0.0
CUST-11263,61.0,Female,51.0,9.0,0.0,2.0,Standard,Quarterly,4440.78,26.0,0.0
CUST-11264,41.0,Female,41.0,3.0,3.0,0.0,Premium,Quarterly,4575.62,12.0,0.0
CUST-11265,42.0,Male,42.0,11.0,1.0,2.0,Basic,Quarterly,4393.06,29.0,0.0
CUST-11266,24.0,Female,34.0,12.0,2.0,4.0,Standard,Monthly,3228.77,1.0,0.0
CUST-11267,23.0,Male,1.0,12.0,1.0,6.0,Basic,Monthly,489.91,2.0,1.0
CUST-11268,41.0,Female,31.0,3.0,2.0,0.0,Standard,Annual,3507.59,14.0,0.0
CUST-11269,50.0,Male,30.0,21.0,3.0,7.0,Basic,Quarterly,2166.16,27.0,0.0
CUST-11270,66.0,Female,48.0,7.0,3.0,4.0,Standard,Monthly,3199.39,7.0,1.0
CUST-11271,46.0,Male,18.0,14.0,0.0,5.0,Basic,Quarterly,2965.57,17.0,0.0
CUST-11272,60.0,Male,55.0,24.0,3.0,12.0,Premium,Annual,4980.73,15.0,0.0
CUST-11273,39.0,Female,58.0,28.0,1.0,2.0,Premium,Annual,6480.25,17.0,0.0
CUST-11274,43.0,Male,17.0,11.0,3.0,1.0,Premium,Monthly,1630.44,9.0,0.0
CUST-11275,45.0,Male,38.0,7.0,3.0,5.0,Basic,Annual,5581.96,13.0,0.0
CUST-11276,67.0,Male,14.0,25.0,4.0,20.0,Basic,Monthly,1420.7,2.0,1.0
CUST-11277,38.0,Female,23.0,21.0,0.0,5.0,Standard,Quarterly,2232.16,27.0,0.0
CUST-11278,66.0,Female,25.0,10.0,3.0,12.0,Standard,Monthly,2889.63,15.0,0.0
CUST-11279,24.0,Male,15.0,11.0,2.0,9.0,Premium,Quarterly,2313.65,20.0,1.0
CUST-11280,34.0,Female,46.0,15.0,6.0,5.0,Premium,Quarterly,6237.24,11.0,0.0
CUST-11281,37.0,Female,56.0,19.0,2.0,7.0,Standard,Monthly,4640.78,19.0,0.0
CUST-11282,58.0,Male,22.0,16.0,2.0,3.0,Basic,Quarterly,3173.88,14.0,0.0
CUST-11283,66.0,Female,3.0,22.0,3.0,5.0,Premium,Quarterly,792.8,27.0,0.0
CUST-11284,37.0,Female,56.0,21.0,1.0,4.0,Basic,Monthly,8480.03,4.0,0.0
CUST-11285,39.0,Female,55.0,28.0,1.0,8.0,Basic,Monthly,8132.94,27.0,0.0
CUST-11286,45.0,Male,19.0,20.0,3.0,3.0,Premium,Monthly,2263.84,11.0,1.0
CUST-11287,57.0,Female,57.0,12.0,2.0,0.0,Standard,Quarterly,7231.3,16.0,0.0
CUST-11288,66.0,Female,44.0,18.0,2.0,10.0,Basic,Annual,5023.35,23.0,0.0
CUST-11289,24.0,Male,34.0,23.0,2.0,8.0,Basic,Quarterly,3903.9,26.0,0.0
CUST-11290,18.0,Male,35.0,13.0,0.0,20.0,Basic,Monthly,2258.54,2.0,1.0
CUST-11291,49.0,Male,50.0,5.0,3.0,3.0,Standard,Monthly,2625.09,2.0,0.0
CUST-11292,30.0,Male,1.0,4.0,5.0,0.0,Basic,Monthly,262.27,9.0,0.0
CUST-11293,47.0,Female,52.0,28.0,0.0,0.0,Premium,Annual,8094.52,22.0,0.0
CUST-11294,40.0,Male,21.0,14.0,3.0,10.0,Basic,Monthly,1379.12,27.0,0.0
CUST-11295,36.0,Male,29.0,8.0,2.0,0.0,Standard,Monthly,2012.2,23.0,0.0
CUST-11296,49.0,Female,6.0,9.0,1.0,16.0,Basic,Quarterly,714.6,21.0,1.0
CUST-11297,47.0,Male,37.0,25.0,1.0,2.0,Basic,Annual,4328.99,29.0,0.0
CUST-11298,46.0,Female,1.0,19.0,2.0,16.0,Standard,Monthly,425.61,21.0,0.0
CUST-11299,66.0,Male,51.0,3.0,1.0,10.0,Standard,Monthly,6586.01,4.0,0.0
CUST-11300,62.0,Male,1.0,5.0,4.0,14.0,Basic,Quarterly,474.19,8.0,0.0
CUST-11301,46.0,Male,27.0,21.0,2.0,1.0,Standard,Quarterly,4378.63,23.0,0.0
CUST-11302,47.0,Male,21.0,26.0,7.0,6.0,Premium,Monthly,1533.18,26.0,0.0
CUST-11303,33.0,Male,53.0,18.0,1.0,0.0,Basic,Quarterly,8022.14,18.0,0.0
CUST-11304,57.0,Female,16.0,1.0,3.0,1.0,Basic,Quarterly,1377.12,15.0,1.0
CUST-11305,36.0,Female,44.0,8.0,3.0,2.0,Standard,Annual,6009.54,2.0,0.0
CUST-11306,35.0,Male,59.0,19.0,3.0,9.0,Standard,Monthly,3322.65,22.0,0.0
CUST-11307,18.0,Female,54.0,17.0,0.0,0.0,Basic,Monthly,8185.9,28.0,0.0
CUST-11308,31.0,Female,40.0,17.0,1.0,16.0,Basic,Quarterly,2783.55,11.0,0.0
CUST-11309,64.0,Female,26.0,11.0,3.0,0.0,Standard,Quarterly,1896.14,17.0,1.0
CUST-11310,67.0,Male,16.0,2.0,2.0,3.0,Premium,Quarterly,2684.91,7.0,0.0
CUST-11311,19.0,Male,28.0,6.0,2.0,0.0,Standard,Quarterly,2119.34,8.0,0.0
CUST-11312,45.0,Male,1.0,22.0,1.0,10.0,Basic,Monthly,578.17,10.0,0.0
CUST-11313,66.0,Female,36.0,14.0,1.0,1.0,Standard,Monthly,4592.27,24.0,0.0
CUST-11314,67.0,Female,10.0,3.0,4.0,15.0,Basic,Monthly,1213.46,3.0,1.0
CUST-11315,47.0,Male,43.0,12.0,1.0,5.0,Basic,Annual,3878.24,13.0,0.0
CUST-11316,55.0,Male,17.0,4.0,2.0,20.0,Standard,Monthly,2497.45,23.0,0.0
CUST-11317,21.0,Female,57.0,12.0,4.0,2.0,Premium,Monthly,8024.14,17.0,0.0
CUST-11318,18.0,Female,59.0,13.0,4.0,4.0,Premium,Monthly,5822.64,13.0,0.0
CUST-11319,25.0,Female,23.0,2.0,3.0,8.0,Basic,Annual,1892.58,27.0,0.0
CUST-11320,46.0,Female,7.0,2.0,3.0,12.0,Premium,Annual,914.94,19.0,0.0
CUST-11321,56.0,Male,44.0,15.0,5.0,3.0,Basic,Annual,3588.55,29.0,0.0
CUST-11322,20.0,Female,53.0,23.0,1.0,15.0,Basic,Monthly,5868.43,22.0,0.0
CUST-11323,49.0,Female,7.0,29.0,2.0,0.0,Premium,Quarterly,1217.27,9.0,0.0
CUST-11324,27.0,Male,44.0,17.0,3.0,8.0,Premium,Monthly,5786.88,21.0,0.0
CUST-11325,27.0,Female,15.0,7.0,2.0,2.0,Basic,Monthly,2049.25,29.0,1.0
CUST-11326,36.0,Female,34.0,28.0,2.0,0.0,Basic,Monthly,3496.32,16.0,1.0
CUST-11327,63.0,Male,46.0,14.0,4.0,3.0,Basic,Monthly,4157.07,5.0,0.0
CUST-11328,51.0,Female,45.0,12.0,2.0,14.0,Standard,Quarterly,5954.81,9.0,0.0
CUST-11329,50.0,Female,4.0,17.0,4.0,27.0,Premium,Annual,891.99,28.0,1.0
CUST-11330,40.0,Female,14.0,14.0,2.0,3.0,Basic,Monthly,1874.34,9.0,0.0
CUST-11331,45.0,Male,14.0,6.0,4.0,15.0,Standard,Annual,825.01,6.0,1.0
CUST-11332,49.0,Male,16.0,19.0,4.0,4.0,Basic,Monthly,2140.49,21.0,0.0
CUST-11333,67.0,Female,7.0,24.0,2.0,8.0,Basic,Monthly,741.81,10.0,0.0
CUST-11334,24.0,Male,32.0,6.0,2.0,0.0,Premium,Monthly,2555.15,18.0,0.0
CUST-11335,46.0,Female,19.0,27.0,2.0,5.0,Premium,Monthly,2681.28,11.0,0.0
CUST-11336,25.0,Female,2.0,18.0,2.0,0.0,Basic,Monthly,266.3,24.0,1.0
CUST-11337,18.0,Male,10.0,24.0,3.0,2.0,Basic,Quarterly,1732.16,28.0,0.0
CUST-11338,20.0,Female,50.0,5.0,4.0,5.0,Basic,Quarterly,4350.61,24.0,0.0
CUST-11339,41.0,Female,17.0,24.0,3.0,11.0,Standard,Annual,2179.75,15.0,0.0
CUST-11340,40.0,Male,37.0,24.0,3.0,5.0,Basic,Monthly,5029.17,7.0,0.0
CUST-11341,25.0,Female,12.0,6.0,2.0,19.0,Standard,Quarterly,1503.84,14.0,1.0
CUST-11342,64.0,Female,6.0,2.0,3.0,11.0,Basic,Quarterly,889.56,8.0,0.0
CUST-11343,54.0,Female,22.0,8.0,6.0,1.0,Basic,Annual,2975.94,19.0,0.0
CUST-11344,20.0,Female,32.0,15.0,3.0,3.0,Premium,Monthly,4796.31,15.0,1.0
CUST-11345,50.0,Male,41.0,15.0,4.0,7.0,Basic,Annual,3535.72,19.0,1.0
CUST-11346,45.0,Female,20.0,11.0,2.0,19.0,Premium,Quarterly,1395.92,18.0,0.0
CUST-11347,64.0,Female,1.0,22.0,4.0,30.0,Standard,Quarterly,217.03,17.0,1.0
CUST-11348,25.0,Female,54.0,22.0,3.0,10.0,Premium,Monthly,7184.97,3.0,1.0
CUST-11349,51.0,Female,47.0,24.0,5.0,5.0,Basic,Monthly,4533.02,3.0,0.0
CUST-11350,52.0,Male,53.0,1.0,4.0,9.0,Standard,Quarterly,4488.55,7.0,0.0
CUST-11351,49.0,Female,58.0,18.0,3.0,2.0,Basic,Monthly,3183.67,28.0,0.0
CUST-11352,41.0,Male,6.0,12.0,1.0,2.0,Premium,Monthly,936.52,10.0,0.0
CUST-11353,31.0,Male,19.0,12.0,2.0,7.0,Standard,Annual,2744.03,25.0,0.0
CUST-11354,49.0,Male,18.0,25.0,4.0,14.0,Basic,Monthly,1418.96,28.0,0.0
CUST-11355,63.0,Female,6.0,11.0,1.0,24.0,Basic,Monthly,778.5,17.0,0.0
CUST-11356,60.0,Female,45.0,28.0,0.0,2.0,Premium,Quarterly,2526.9,15.0,0.0
CUST-11357,33.0,Female,33.0,8.0,3.0,11.0,Premium,Monthly,4530.39,8.0,1.0
CUST-11358,21.0,Female,23.0,28.0,2.0,13.0,Premium,Quarterly,3527.42,17.0,0.0
CUST-11359,54.0,Female,23.0,7.0,5.0,6.0,Premium,Quarterly,2935.93,3.0,1.0
CUST-11360,38.0,Female,26.0,23.0,2.0,2.0,Premium,Monthly,1603.93,4.0,0.0
CUST-11361,31.0,Female,13.0,21.0,2.0,6.0,Standard,Quarterly,1380.27,27.0,1.0
CUST-11362,48.0,Male,7.0,2.0,1.0,6.0,Basic,Monthly,908.63,8.0,0.0
CUST-11363,65.0,Male,15.0,11.0,1.0,6.0,Basic,Annual,2071.44,13.0,0.0
CUST-11364,35.0,Female,44.0,22.0,3.0,6.0,Standard,Annual,4492.53,1.0,0.0
CUST-11365,24.0,Female,27.0,10.0,3.0,13.0,Standard,Monthly,4159.42,28.0,1.0
CUST-11366,27.0,Male,26.0,3.0,3.0,1.0,Standard,Annual,4095.87,18.0,0.0
CUST-11367,24.0,Male,33.0,20.0,2.0,3.0,Basic,Quarterly,2348.88,11.0,0.0
CUST-11368,50.0,Female,15.0,29.0,0.0,6.0,Standard,Monthly,1208.75,21.0,1.0
CUST-11369,40.0,Male,36.0,10.0,3.0,2.0,Basic,Monthly,3446.76,6.0,0.0
CUST-11370,38.0,Female,45.0,28.0,3.0,26.0,Standard,Monthly,4303.32,16.0,1.0
CUST-11371,36.0,Female,55.0,27.0,5.0,2.0,Standard,Annual,6291.5,21.0,0.0
CUST-11372,65.0,Male,27.0,18.0,2.0,4.0,Basic,Monthly,3736.94,29.0,0.0
CUST-11373,36.0,Male,57.0,14.0,2.0,14.0,Premium,Monthly,3817.13,19.0,0.0
CUST-11374,53.0,Female,5.0,18.0,0.0,0.0,Standard,Monthly,1051.81,26.0,0.0
CUST-11375,46.0,Female,2.0,28.0,4.0,12.0,Premium,Quarterly,308.4,23.0,0.0
CUST-11376,35.0,Female,55.0,24.0,1.0,5.0,Basic,Annual,8272.01,28.0,0.0
CUST-11377,19.0,Female,58.0,8.0,4.0,0.0,Basic,Quarterly,6938.79,17.0,0.0
CUST-11378,18.0,Male,33.0,10.0,3.0,16.0,Basic,Monthly,4464.38,18.0,1.0
CUST-11379,64.0,Female,16.0,22.0,2.0,0.0,Basic,Monthly,1421.16,11.0,0.0
CUST-11380,22.0,Female,23.0,13.0,4.0,5.0,Basic,Monthly,3347.31,14.0,1.0
CUST-11381,37.0,Female,38.0,21.0,3.0,0.0,Basic,Monthly,2484.12,12.0,1.0
CUST-11382,28.0,Male,55.0,8.0,0.0,0.0,Premium,Quarterly,6764.37,25.0,0.0
CUST-11383,59.0,Female,16.0,4.0,2.0,15.0,Premium,Monthly,1085.53,20.0,1.0
CUST-11384,19.0,Female,14.0,27.0,4.0,10.0,Premium,Annual,1278.13,24.0,1.0
CUST-11385,20.0,Male,29.0,4.0,4.0,1.0,Premium,Quarterly,1993.57,25.0,0.0
CUST-11386,40.0,Male,26.0,5.0,3.0,6.0,Standard,Annual,1737.93,7.0,0.0
CUST-11387,29.0,Female,35.0,1.0,2.0,11.0,Standard,Annual,3003.13,17.0,0.0
CUST-11388,37.0,Male,15.0,17.0,3.0,15.0,Basic,Annual,2705.72,5.0,1.0
CUST-11389,22.0,Male,3.0,2.0,1.0,4.0,Basic,Monthly,620.12,22.0,0.0
CUST-11390,54.0,Male,23.0,8.0,5.0,15.0,Premium,Annual,3336.27,14.0,0.0
CUST-11391,55.0,Female,29.0,7.0,0.0,4.0,Premium,Quarterly,1977.26,27.0,0.0
CUST-11392,47.0,Female,34.0,15.0,3.0,8.0,Premium,Quarterly,3325.73,24.0,0.0
CUST-11393,26.0,Female,33.0,26.0,0.0,27.0,Premium,Monthly,2462.63,26.0,0.0
CUST-11394,51.0,Male,41.0,25.0,5.0,1.0,Basic,Monthly,3120.11,13.0,1.0
CUST-11395,61.0,Female,41.0,5.0,1.0,1.0,Standard,Annual,2869.8,24.0,0.0
CUST-11396,52.0,Female,23.0,2.0,1.0,2.0,Standard,Monthly,2372.68,29.0,0.0
CUST-11397,39.0,Female,7.0,7.0,3.0,1.0,Premium,Monthly,574.36,12.0,0.0
CUST-11398,61.0,Female,3.0,8.0,2.0,2.0,Premium,Monthly,640.59,14.0,0.0
CUST-11399,41.0,Male,58.0,28.0,1.0,9.0,Standard,Annual,5864.45,25.0,0.0
CUST-11400,34.0,Female,32.0,7.0,2.0,4.0,Basic,Monthly,4484.71,9.0,1.0
CUST-11401,27.0,Male,31.0,7.0,2.0,3.0,Basic,Annual,5076.96,4.0,0.0
CUST-11402,47.0,Female,18.0,28.0,1.0,3.0,Basic,Monthly,2248.74,22.0,0.0
CUST-11403,63.0,Male,43.0,14.0,3.0,1.0,Premium,Monthly,6415.39,19.0,0.0
CUST-11404,40.0,Male,7.0,21.0,4.0,4.0,Basic,Monthly,759.88,1.0,0.0
CUST-11405,49.0,Male,41.0,18.0,1.0,6.0,Basic,Quarterly,5607.87,29.0,1.0
CUST-11406,34.0,Female,1.0,6.0,1.0,1.0,Basic,Monthly,466.25,13.0,0.0
CUST-11407,67.0,Male,14.0,4.0,0.0,25.0,Premium,Monthly,1613.03,6.0,1.0
CUST-11408,34.0,Female,52.0,10.0,3.0,4.0,Standard,Monthly,6319.31,1.0,0.0
CUST-11409,31.0,Male,32.0,18.0,2.0,20.0,Standard,Monthly,4839.36,25.0,0.0
CUST-11410,26.0,Male,6.0,12.0,3.0,1.0,Basic,Quarterly,946.39,27.0,1.0
CUST-11411,57.0,Female,39.0,16.0,0.0,10.0,Basic,Monthly,2737.19,22.0,0.0
CUST-11412,19.0,Male,10.0,25.0,0.0,6.0,Basic,Monthly,1221.22,17.0,0.0
CUST-11413,62.0,Male,7.0,7.0,4.0,12.0,Premium,Monthly,1306.49,27.0,1.0
CUST-11414,42.0,Female,26.0,6.0,1.0,6.0,Premium,Monthly,3379.7,29.0,0.0
CUST-11415,56.0,Male,34.0,28.0,4.0,23.0,Standard,Annual,1927.38,3.0,0.0
CUST-11416,26.0,Male,30.0,5.0,6.0,6.0,Basic,Monthly,3046.46,17.0,0.0
CUST-11417,39.0,Male,36.0,3.0,1.0,10.0,Premium,Monthly,5240.97,2.0,0.0
CUST-11418,60.0,Female,21.0,12.0,2.0,14.0,Standard,Monthly,3071.25,22.0,1.0
CUST-11419,63.0,Female,17.0,15.0,2.0,8.0,Basic,Quarterly,1816.98,7.0,0.0
CUST-11420,21.0,Female,33.0,10.0,5.0,5.0,Basic,Quarterly,4260.49,1.0,1.0
CUST-11421,43.0,Female,10.0,26.0,1.0,2.0,Standard,Monthly,1429.85,26.0,0.0
CUST-11422,46.0,Male,51.0,20.0,1.0,13.0,Standard,Quarterly,7599.1,21.0,0.0
CUST-11423,62.0,Male,47.0,19.0,7.0,4.0,Premium,Quarterly,5526.46,22.0,0.0
CUST-11424,51.0,Female,42.0,16.0,3.0,6.0,Premium,Monthly,3847.07,15.0,0.0
CUST-11425,40.0,Male,51.0,28.0,0.0,0.0,Basic,Monthly,7005.28,4.0,0.0
CUST-11426,54.0,Male,12.0,11.0,2.0,4.0,Standard,Quarterly,870.56,6.0,0.0
CUST-11427,28.0,Male,56.0,8.0,1.0,8.0,Basic,Quarterly,7961.48,21.0,0.0
CUST-11428,23.0,Male,16.0,3.0,1.0,6.0,Standard,Annual,2326.4,13.0,0.0
CUST-11429,35.0,Female,41.0,23.0,3.0,4.0,Standard,Monthly,6196.26,29.0,0.0
CUST-11430,38.0,Male,32.0,7.0,3.0,1.0,Standard,Quarterly,2823.02,27.0,0.0
CUST-11431,59.0,Female,15.0,23.0,5.0,2.0,Premium,Monthly,1921.99,23.0,1.0
CUST-11432,53.0,Male,27.0,29.0,1.0,8.0,Standard,Annual,3867.8,13.0,0.0
CUST-11433,58.0,Female,28.0,7.0,4.0,1.0,Premium,Quarterly,3676.96,20.0,0.0
CUST-11434,55.0,Male,17.0,14.0,4.0,6.0,Basic,Quarterly,1410.74,1.0,0.0
CUST-11435,51.0,Male,46.0,2.0,5.0,6.0,Basic,Monthly,3850.4,2.0,0.0
CUST-11436,34.0,Female,59.0,10.0,3.0,24.0,Standard,Monthly,6608.84,6.0,1.0
CUST-11437,54.0,Female,50.0,19.0,2.0,0.0,Premium,Quarterly,5184.02,29.0,0.0
CUST-11438,42.0,Male,58.0,26.0,3.0,0.0,Basic,Monthly,7238.72,26.0,0.0
CUST-11439,55.0,Male,2.0,9.0,2.0,4.0,Basic,Monthly,596.25,29.0,1.0
CUST-11440,29.0,Male,36.0,16.0,2.0,5.0,Standard,Monthly,5385.2,11.0,0.0
CUST-11441,40.0,Male,50.0,19.0,8.0,0.0,Standard,Monthly,5038.9,18.0,1.0
CUST-11442,59.0,Male,7.0,18.0,1.0,12.0,Premium,Quarterly,759.84,13.0,0.0
CUST-11443,39.0,Male,13.0,9.0,3.0,4.0,Standard,Monthly,820.66,21.0,1.0
CUST-11444,38.0,Male,15.0,16.0,1.0,2.0,Premium,Monthly,2005.5,12.0,0.0
CUST-11445,44.0,Male,25.0,13.0,8.0,2.0,Premium,Monthly,2969.06,20.0,1.0
CUST-11446,48.0,Female,23.0,10.0,3.0,13.0,Basic,Annual,2719.34,7.0,1.0
CUST-11447,23.0,Female,22.0,25.0,6.0,1.0,Standard,Annual,3061.33,20.0,0.0
CUST-11448,44.0,Female,26.0,20.0,4.0,1.0,Standard,Monthly,2749.93,7.0,0.0
CUST-11449,57.0,Male,33.0,14.0,1.0,1.0,Premium,Quarterly,5216.27,27.0,1.0
CUST-11450,51.0,Male,11.0,12.0,1.0,6.0,Basic,Monthly,2076.53,24.0,0.0
CUST-11451,29.0,Female,10.0,25.0,2.0,11.0,Basic,Quarterly,816.71,7.0,1.0
CUST-11452,62.0,Male,25.0,19.0,2.0,2.0,Basic,Quarterly,3896.38,2.0,0.0
CUST-11453,24.0,Male,37.0,7.0,1.0,1.0,Standard,Monthly,4751.94,11.0,0.0
CUST-11454,27.0,Female,48.0,23.0,6.0,1.0,Basic,Monthly,5157.4,1.0,0.0
CUST-11455,62.0,Female,43.0,15.0,1.0,6.0,Standard,Quarterly,4712.32,21.0,0.0
CUST-11456,34.0,Female,53.0,16.0,3.0,1.0,Premium,Annual,7196.69,29.0,0.0
CUST-11457,43.0,Male,38.0,27.0,5.0,14.0,Standard,Annual,5825.61,13.0,0.0
CUST-11458,38.0,Male,41.0,8.0,4.0,0.0,Standard,Quarterly,4807.67,12.0,0.0
CUST-11459,45.0,Female,45.0,10.0,1.0,0.0,Premium,Monthly,3386.33,13.0,0.0
CUST-11460,63.0,Male,24.0,4.0,4.0,0.0,Standard,Monthly,2891.61,7.0,1.0
CUST-11461,19.0,Female,40.0,19.0,1.0,13.0,Basic,Annual,2498.97,12.0,1.0
CUST-11462,60.0,Female,46.0,19.0,3.0,7.0,Basic,Monthly,5552.06,17.0,1.0
CUST-11463,18.0,Female,56.0,28.0,1.0,22.0,Standard,Quarterly,7646.9,27.0,0.0
CUST-11464,53.0,Male,33.0,21.0,1.0,2.0,Basic,Monthly,3296.06,8.0,0.0
CUST-11465,43.0,Male,17.0,27.0,3.0,1.0,Standard,Monthly,1259.1,3.0,0.0
CUST-11466,46.0,Female,24.0,15.0,5.0,5.0,Premium,Monthly,3071.1,7.0,1.0
CUST-11467,38.0,Female,37.0,14.0,5.0,5.0,Standard,Annual,3391.76,19.0,1.0
CUST-11468,28.0,Female,57.0,1.0,1.0,6.0,Basic,Monthly,4673.66,20.0,0.0
CUST-11469,57.0,Male,2.0,16.0,2.0,2.0,Basic,Quarterly,531.0,8.0,0.0
CUST-11470,28.0,Male,32.0,10.0,1.0,0.0,Premium,Annual,4899.4,14.0,0.0
CUST-11471,53.0,Female,57.0,19.0,1.0,0.0,Premium,Annual,7300.72,14.0,0.0
CUST-11472,66.0,Female,24.0,22.0,1.0,7.0,Standard,Monthly,2769.81,2.0,0.0
CUST-11473,56.0,Female,9.0,3.0,3.0,5.0,Basic,Quarterly,1070.36,6.0,1.0
CUST-11474,57.0,Male,4.0,5.0,1.0,12.0,Standard,Annual,430.55,16.0,0.0
CUST-11475,52.0,Female,17.0,9.0,1.0,2.0,Basic,Monthly,2351.33,26.0,0.0
CUST-11476,51.0,Female,17.0,18.0,1.0,11.0,Basic,Quarterly,2352.41,9.0,0.0
CUST-11477,64.0,Female,53.0,11.0,5.0,3.0,Basic,Monthly,7859.44,26.0,0.0
CUST-11478,41.0,Male,50.0,16.0,2.0,0.0,Standard,Monthly,7788.6,25.0,0.0
CUST-11479,39.0,Male,48.0,2.0,4.0,26.0,Basic,Monthly,4435.71,21.0,0.0
CUST-11480,22.0,Female,30.0,12.0,0.0,5.0,Basic,Quarterly,4800.4,15.0,0.0
CUST-11481,50.0,Male,40.0,22.0,3.0,6.0,Basic,Quarterly,6220.88,19.0,0.0
CUST-11482,53.0,Male,58.0,6.0,1.0,7.0,Standard,Monthly,6841.24,15.0,0.0
CUST-11483,64.0,Female,11.0,11.0,4.0,3.0,Standard,Annual,1147.15,22.0,0.0
CUST-11484,37.0,Male,21.0,27.0,0.0,9.0,Basic,Monthly,2811.93,12.0,0.0
CUST-11485,36.0,Female,21.0,8.0,0.0,14.0,Premium,Quarterly,1938.59,9.0,0.0
CUST-11486,52.0,Male,18.0,12.0,4.0,3.0,Standard,Annual,2502.13,16.0,0.0
CUST-11487,60.0,Female,55.0,29.0,3.0,7.0,Basic,Monthly,3350.99,6.0,0.0
CUST-11488,34.0,Female,29.0,27.0,4.0,9.0,Basic,Quarterly,3639.22,20.0,0.0
CUST-11489,62.0,Male,24.0,2.0,1.0,1.0,Standard,Quarterly,3941.64,28.0,0.0
CUST-11490,60.0,Male,10.0,9.0,3.0,2.0,Basic,Quarterly,1218.73,27.0,0.0
CUST-11491,51.0,Male,45.0,15.0,4.0,0.0,Basic,Monthly,6159.6,15.0,0.0
CUST-11492,26.0,Male,17.0,2.0,1.0,6.0,Standard,Monthly,1582.35,13.0,0.0
CUST-11493,43.0,Female,18.0,29.0,6.0,11.0,Standard,Quarterly,2441.58,21.0,0.0
CUST-11494,19.0,Female,42.0,1.0,2.0,6.0,Premium,Monthly,5508.95,23.0,0.0
CUST-11495,26.0,Male,48.0,10.0,2.0,1.0,Premium,Monthly,3638.24,10.0,1.0
CUST-11496,26.0,Male,20.0,2.0,1.0,5.0,Premium,Annual,2613.57,14.0,0.0
CUST-11497,57.0,Male,37.0,12.0,2.0,12.0,Basic,Monthly,5131.18,29.0,0.0
CUST-11498,34.0,Female,45.0,23.0,3.0,2.0,Basic,Annual,4108.65,3.0,0.0
CUST-11499,18.0,Male,18.0,8.0,2.0,12.0,Premium,Monthly,2383.35,12.0,1.0
CUST-11500,42.0,Female,17.0,5.0,1.0,10.0,Standard,Quarterly,2131.24,25.0,0.0
CUST-11501,60.0,Female,9.0,22.0,4.0,0.0,Standard,Annual,1139.67,1.0,0.0
CUST-11502,57.0,Female,14.0,28.0,1.0,1.0,Basic,Annual,2133.7,24.0,0.0
CUST-11503,59.0,Male,49.0,1.0,4.0,5.0,Basic,Monthly,5511.94,21.0,0.0
CUST-11504,42.0,Female,29.0,15.0,2.0,8.0,Basic,Annual,2568.8,16.0,0.0
CUST-11505,56.0,Male,31.0,6.0,2.0,14.0,Standard,Monthly,2179.24,10.0,0.0
CUST-11506,52.0,Male,4.0,12.0,1.0,7.0,Basic,Monthly,550.72,9.0,1.0
CUST-11507,20.0,Female,18.0,8.0,0.0,3.0,Standard,Quarterly,2706.51,18.0,0.0
CUST-11508,67.0,Female,59.0,13.0,5.0,1.0,Standard,Annual,7038.16,1.0,0.0
CUST-11509,54.0,Male,20.0,19.0,2.0,9.0,Basic,Annual,2807.2,10.0,0.0
CUST-11510,61.0,Male,56.0,27.0,5.0,1.0,Basic,Monthly,7696.18,7.0,0.0
CUST-11511,61.0,Male,56.0,1.0,3.0,8.0,Basic,Quarterly,5749.92,10.0,0.0
CUST-11512,47.0,Male,47.0,11.0,1.0,1.0,Basic,Annual,5048.89,12.0,0.0
CUST-11513,55.0,Male,43.0,20.0,0.0,0.0,Basic,Monthly,6589.08,11.0,0.0
CUST-11514,51.0,Male,44.0,1.0,3.0,2.0,Basic,Quarterly,6651.32,9.0,0.0
CUST-11515,29.0,Male,9.0,8.0,4.0,2.0,Standard,Monthly,889.41,5.0,1.0
CUST-11516,36.0,Female,13.0,5.0,2.0,7.0,Standard,Monthly,1716.57,27.0,1.0
CUST-11517,54.0,Female,15.0,17.0,1.0,1.0,Basic,Quarterly,1361.16,4.0,0.0
CUST-11518,61.0,Female,27.0,8.0,0.0,18.0,Standard,Monthly,1828.89,20.0,0.0
CUST-11519,66.0,Male,15.0,25.0,1.0,5.0,Premium,Monthly,2349.77,28.0,0.0
CUST-11520,34.0,Female,28.0,10.0,3.0,4.0,Standard,Monthly,3052.84,13.0,0.0
CUST-11521,27.0,Female,37.0,2.0,7.0,3.0,Basic,Quarterly,2668.27,8.0,0.0
CUST-11522,66.0,Female,55.0,9.0,4.0,5.0,Standard,Monthly,7334.82,16.0,0.0
CUST-11523,64.0,Female,19.0,24.0,2.0,0.0,Standard,Monthly,3097.12,1.0,0.0
CUST-11524,29.0,Female,26.0,23.0,2.0,32.0,Premium,Quarterly,3927.27,17.0,0.0
CUST-11525,33.0,Female,52.0,3.0,3.0,5.0,Premium,Monthly,6064.62,15.0,0.0
CUST-11526,41.0,Male,26.0,18.0,1.0,0.0,Basic,Annual,2727.5,24.0,0.0
CUST-11527,36.0,Female,25.0,7.0,3.0,6.0,Standard,Monthly,1686.29,15.0,0.0
CUST-11528,25.0,Female,26.0,15.0,2.0,4.0,Premium,Monthly,3638.41,18.0,0.0
CUST-11529,48.0,Female,26.0,21.0,3.0,0.0,Premium,Monthly,4005.09,26.0,0.0
CUST-11530,38.0,Female,46.0,22.0,1.0,18.0,Standard,Monthly,6503.69,6.0,0.0
CUST-11531,34.0,Male,28.0,20.0,6.0,0.0,Basic,Annual,3775.74,2.0,1.0
CUST-11532,40.0,Male,49.0,18.0,2.0,6.0,Basic,Monthly,2949.61,5.0,0.0
CUST-11533,54.0,Female,18.0,25.0,4.0,22.0,Standard,Quarterly,2013.08,19.0,1.0
CUST-11534,33.0,Female,32.0,3.0,4.0,1.0,Standard,Monthly,3296.78,7.0,1.0
CUST-11535,23.0,Female,53.0,28.0,0.0,2.0,Premium,Quarterly,7781.05,9.0,0.0
CUST-11536,25.0,Male,3.0,23.0,2.0,0.0,Premium,Annual,554.78,2.0,0.0
CUST-11537,42.0,Male,2.0,14.0,0.0,0.0,Basic,Monthly,265.2,7.0,0.0
CUST-11538,35.0,Female,33.0,24.0,3.0,0.0,Standard,Quarterly,2565.35,29.0,0.0
CUST-11539,42.0,Female,42.0,2.0,3.0,12.0,Basic,Annual,5305.2,29.0,0.0
CUST-11540,29.0,Female,19.0,14.0,4.0,12.0,Standard,Quarterly,2628.85,24.0,0.0
CUST-11541,32.0,Male,17.0,22.0,4.0,9.0,Standard,Monthly,2240.07,14.0,0.0
CUST-11542,43.0,Female,44.0,11.0,2.0,3.0,Basic,Monthly,6022.93,26.0,0.0
CUST-11543,58.0,Male,33.0,16.0,0.0,12.0,Basic,Monthly,3764.11,24.0,0.0
CUST-11544,62.0,Female,12.0,8.0,8.0,5.0,Basic,Annual,992.09,23.0,1.0
CUST-11545,43.0,Male,49.0,7.0,8.0,2.0,Basic,Quarterly,4385.51,15.0,1.0
CUST-11546,64.0,Male,56.0,11.0,4.0,4.0,Premium,Annual,8597.24,12.0,0.0
CUST-11547,49.0,Female,3.0,3.0,0.0,0.0,Basic,Monthly,297.66,20.0,1.0
CUST-11548,27.0,Female,43.0,17.0,3.0,20.0,Basic,Monthly,2613.72,4.0,1.0
CUST-11549,33.0,Male,49.0,14.0,1.0,6.0,Basic,Monthly,4420.88,26.0,0.0
CUST-11550,24.0,Female,55.0,6.0,2.0,9.0,Premium,Monthly,5166.32,13.0,0.0
CUST-11551,34.0,Male,26.0,8.0,3.0,7.0,Basic,Monthly,2989.05,29.0,1.0
CUST-11552,40.0,Male,35.0,22.0,1.0,7.0,Basic,Monthly,4014.33,9.0,0.0
CUST-11553,43.0,Male,8.0,5.0,1.0,0.0,Standard,Annual,1306.74,12.0,0.0
CUST-11554,38.0,Male,52.0,27.0,0.0,5.0,Basic,Monthly,6833.59,10.0,0.0
CUST-11555,39.0,Female,36.0,28.0,4.0,12.0,Basic,Monthly,2325.86,9.0,0.0
CUST-11556,24.0,Male,53.0,8.0,2.0,0.0,Standard,Annual,6800.66,21.0,0.0
CUST-11557,31.0,Female,54.0,2.0,2.0,21.0,Basic,Annual,7534.62,23.0,0.0
CUST-11558,32.0,Female,7.0,15.0,1.0,3.0,Premium,Monthly,1152.57,7.0,0.0
CUST-11559,24.0,Male,46.0,12.0,0.0,2.0,Standard,Annual,4333.61,25.0,0.0
CUST-11560,26.0,Female,46.0,17.0,3.0,5.0,Standard,Monthly,3859.71,12.0,0.0
CUST-11561,65.0,Male,36.0,1.0,0.0,11.0,Basic,Monthly,5301.55,16.0,1.0
CUST-11562,25.0,Female,16.0,15.0,4.0,4.0,Premium,Annual,2370.27,15.0,1.0
CUST-11563,67.0,Male,24.0,14.0,3.0,7.0,Standard,Quarterly,2864.06,7.0,0.0
CUST-11564,40.0,Male,54.0,20.0,2.0,4.0,Basic,Annual,3791.15,8.0,0.0
CUST-11565,46.0,Male,1.0,22.0,3.0,6.0,Basic,Annual,548.92,7.0,0.0
CUST-11566,35.0,Male,49.0,16.0,3.0,1.0,Standard,Monthly,2920.05,11.0,0.0
CUST-11567,48.0,Male,25.0,29.0,0.0,0.0,Premium,Quarterly,1577.04,4.0,0.0
CUST-11568,47.0,Female,10.0,9.0,5.0,1.0,Premium,Monthly,1297.45,28.0,0.0
CUST-11569,56.0,Female,54.0,1.0,4.0,2.0,Standard,Monthly,5196.1,18.0,0.0
CUST-11570,52.0,Female,16.0,28.0,4.0,2.0,Standard,Monthly,1844.46,19.0,1.0
CUST-11571,35.0,Female,16.0,17.0,4.0,6.0,Basic,Monthly,1792.41,7.0,1.0
CUST-11572,59.0,Male,58.0,29.0,3.0,4.0,Standard,Annual,3250.29,27.0,0.0
CUST-11573,56.0,Male,8.0,13.0,2.0,0.0,Premium,Annual,625.9,27.0,0.0
CUST-11574,34.0,Male,29.0,21.0,4.0,0.0,Standard,Quarterly,2058.74,13.0,0.0
CUST-11575,31.0,Male,39.0,26.0,1.0,0.0,Basic,Monthly,4046.65,9.0,0.0
CUST-11576,48.0,Female,28.0,21.0,5.0,3.0,Basic,Quarterly,2338.56,29.0,1.0
CUST-11577,41.0,Female,6.0,5.0,6.0,0.0,Basic,Quarterly,812.92,27.0,0.0
CUST-11578,52.0,Male,16.0,10.0,1.0,4.0,Standard,Annual,1612.36,18.0,0.0
CUST-11579,61.0,Male,20.0,6.0,3.0,3.0,Premium,Monthly,1664.0,7.0,0.0
CUST-11580,62.0,Female,16.0,24.0,0.0,5.0,Basic,Monthly,1666.26,20.0,0.0
CUST-11581,51.0,Female,7.0,19.0,1.0,8.0,Basic,Annual,1043.62,16.0,1.0
CUST-11582,20.0,Male,41.0,25.0,1.0,2.0,Standard,Annual,4674.02,23.0,0.0
CUST-11583,54.0,Female,14.0,13.0,4.0,1.0,Premium,Monthly,2291.15,28.0,1.0
CUST-11584,60.0,Female,43.0,1.0,5.0,2.0,Standard,Monthly,4742.24,5.0,1.0
CUST-11585,57.0,Male,26.0,20.0,1.0,0.0,Basic,Annual,4159.27,7.0,0.0
CUST-11586,43.0,Male,26.0,25.0,0.0,0.0,Basic,Quarterly,2196.47,6.0,0.0
CUST-11587,40.0,Female,14.0,15.0,0.0,9.0,Standard,Quarterly,1920.33,29.0,0.0
CUST-11588,61.0,Female,7.0,14.0,5.0,1.0,Premium,Monthly,839.41,2.0,1.0
CUST-11589,56.0,Female,33.0,8.0,3.0,36.0,Basic,Monthly,4911.55,28.0,0.0
CUST-11590,32.0,Male,26.0,10.0,3.0,1.0,Standard,Monthly,2659.25,7.0,0.0
CUST-11591,66.0,Male,57.0,9.0,0.0,10.0,Standard,Quarterly,7869.17,21.0,0.0
CUST-11592,21.0,Female,45.0,17.0,1.0,8.0,Standard,Monthly,5245.63,9.0,0.0
CUST-11593,46.0,Female,20.0,9.0,7.0,2.0,Basic,Monthly,2789.37,13.0,0.0
CUST-11594,39.0,Male,3.0,3.0,5.0,2.0,Premium,Monthly,593.76,29.0,0.0
CUST-11595,42.0,Female,52.0,11.0,1.0,5.0,Standard,Monthly,7894.64,27.0,0.0
CUST-11596,30.0,Female,4.0,12.0,2.0,13.0,Standard,Monthly,672.0,17.0,1.0
CUST-11597,35.0,Female,26.0,10.0,0.0,3.0,Standard,Monthly,2448.1,17.0,0.0
CUST-11598,50.0,Female,11.0,25.0,5.0,0.0,Premium,Annual,1300.8,15.0,0.0
CUST-11599,33.0,Female,2.0,17.0,2.0,3.0,Standard,Monthly,438.25,18.0,1.0
CUST-11600,62.0,Male,14.0,17.0,2.0,1.0,Standard,Monthly,933.19,24.0,0.0
CUST-11601,59.0,Female,44.0,25.0,2.0,19.0,Basic,Monthly,2598.03,15.0,0.0
CUST-11602,61.0,Male,30.0,11.0,3.0,8.0,Basic,Annual,3447.84,11.0,0.0
CUST-11603,19.0,Female,49.0,22.0,2.0,0.0,Basic,Monthly,6758.15,25.0,0.0
CUST-11604,52.0,Male,12.0,4.0,1.0,2.0,Premium,Monthly,804.35,27.0,0.0
CUST-11605,59.0,Female,26.0,7.0,2.0,0.0,Premium,Monthly,2928.52,27.0,0.0
CUST-11606,51.0,Male,44.0,21.0,1.0,12.0,Basic,Quarterly,4014.54,12.0,0.0
CUST-11607,47.0,Male,33.0,26.0,0.0,16.0,Basic,Quarterly,4911.84,23.0,1.0
CUST-11608,30.0,Male,13.0,14.0,7.0,0.0,Basic,Monthly,1110.69,17.0,0.0
CUST-11609,30.0,Male,14.0,7.0,3.0,4.0,Premium,Monthly,1917.54,12.0,1.0
CUST-11610,35.0,Female,24.0,24.0,3.0,18.0,Basic,Monthly,3894.28,7.0,1.0
CUST-11611,49.0,Female,34.0,8.0,1.0,1.0,Standard,Quarterly,3223.18,29.0,0.0
CUST-11612,49.0,Female,44.0,1.0,2.0,2.0,Premium,Quarterly,5583.41,24.0,0.0
CUST-11613,52.0,Male,26.0,24.0,2.0,2.0,Standard,Monthly,3669.23,7.0,0.0
CUST-11614,56.0,Male,21.0,22.0,1.0,0.0,Premium,Quarterly,1720.54,29.0,0.0
CUST-11615,63.0,Male,28.0,4.0,2.0,0.0,Standard,Monthly,4261.31,28.0,0.0
CUST-11616,46.0,Male,48.0,29.0,2.0,21.0,Standard,Quarterly,6498.86,21.0,1.0
CUST-11617,66.0,Female,36.0,12.0,3.0,5.0,Standard,Quarterly,2356.98,28.0,0.0
CUST-11618,46.0,Male,40.0,24.0,4.0,2.0,Basic,Annual,3373.1,23.0,1.0
CUST-11619,61.0,Male,2.0,3.0,8.0,3.0,Premium,Monthly,324.66,10.0,1.0
CUST-11620,33.0,Male,42.0,13.0,3.0,8.0,Standard,Quarterly,6227.1,16.0,0.0
CUST-11621,61.0,Male,9.0,20.0,1.0,3.0,Basic,Monthly,831.11,11.0,0.0
CUST-11622,64.0,Female,23.0,6.0,4.0,1.0,Basic,Monthly,2917.25,16.0,0.0
CUST-11623,27.0,Female,15.0,11.0,0.0,0.0,Basic,Monthly,1325.44,2.0,0.0
CUST-11624,47.0,Male,13.0,23.0,3.0,9.0,Standard,Monthly,2054.31,25.0,1.0
CUST-11625,42.0,Male,23.0,4.0,0.0,1.0,Basic,Monthly,3107.45,2.0,0.0
CUST-11626,56.0,Male,17.0,20.0,1.0,0.0,Premium,Annual,1842.88,18.0,0.0
CUST-11627,37.0,Male,48.0,16.0,4.0,3.0,Basic,Quarterly,5919.71,5.0,0.0
CUST-11628,22.0,Male,2.0,7.0,2.0,0.0,Basic,Monthly,492.04,14.0,1.0
CUST-11629,18.0,Female,20.0,22.0,5.0,23.0,Premium,Monthly,2128.57,8.0,0.0
CUST-11630,47.0,Female,20.0,29.0,2.0,6.0,Standard,Monthly,2890.68,6.0,0.0
CUST-11631,66.0,Female,59.0,11.0,4.0,1.0,Premium,Monthly,4294.66,28.0,0.0
CUST-11632,20.0,Male,46.0,24.0,1.0,1.0,Standard,Monthly,5889.19,9.0,0.0
CUST-11633,62.0,Male,3.0,1.0,2.0,5.0,Basic,Monthly,442.69,6.0,1.0
CUST-11634,31.0,Female,55.0,26.0,4.0,3.0,Standard,Annual,5470.25,21.0,0.0
CUST-11635,47.0,Female,12.0,29.0,4.0,10.0,Basic,Quarterly,1677.13,17.0,1.0
CUST-11636,67.0,Female,40.0,27.0,5.0,5.0,Basic,Quarterly,4714.9,8.0,0.0
CUST-11637,21.0,Male,2.0,7.0,1.0,3.0,Basic,Annual,452.38,3.0,0.0
CUST-11638,35.0,Female,36.0,12.0,3.0,23.0,Standard,Monthly,2443.93,12.0,1.0
CUST-11639,54.0,Male,14.0,7.0,1.0,3.0,Basic,Monthly,1021.67,13.0,0.0
CUST-11640,42.0,Female,16.0,27.0,2.0,3.0,Basic,Monthly,2258.45,18.0,0.0
CUST-11641,65.0,Female,19.0,23.0,4.0,7.0,Basic,Quarterly,2870.9,23.0,0.0
CUST-11642,18.0,Female,34.0,7.0,3.0,11.0,Basic,Monthly,3574.09,11.0,1.0
CUST-11643,63.0,Male,44.0,10.0,0.0,6.0,Basic,Monthly,6660.03,2.0,0.0
CUST-11644,32.0,Female,46.0,16.0,3.0,8.0,Basic,Annual,5513.63,14.0,0.0
CUST-11645,26.0,Male,6.0,26.0,5.0,3.0,Basic,Monthly,1270.89,1.0,1.0
CUST-11646,32.0,Male,13.0,8.0,3.0,4.0,Basic,Quarterly,1394.75,27.0,0.0
CUST-11647,66.0,Male,36.0,9.0,5.0,1.0,Basic,Annual,2781.76,15.0,0.0
CUST-11648,41.0,Female,22.0,9.0,3.0,7.0,Premium,Monthly,2412.32,29.0,1.0
CUST-11649,21.0,Male,18.0,2.0,1.0,1.0,Standard,Annual,2908.7,18.0,0.0
CUST-11650,29.0,Male,12.0,13.0,1.0,0.0,Standard,Quarterly,1151.29,22.0,0.0
CUST-11651,54.0,Female,52.0,13.0,1.0,19.0,Premium,Annual,7976.7,18.0,0.0
CUST-11652,54.0,Male,59.0,23.0,1.0,2.0,Basic,Monthly,7848.2,17.0,0.0
CUST-11653,60.0,Female,54.0,23.0,3.0,1.0,Basic,Annual,5198.01,1.0,0.0
CUST-11654,23.0,Male,30.0,4.0,4.0,2.0,Premium,Monthly,3423.23,14.0,0.0
CUST-11655,56.0,Male,53.0,25.0,2.0,2.0,Standard,Quarterly,5928.05,20.0,0.0
CUST-11656,63.0,Female,51.0,24.0,3.0,4.0,Premium,Monthly,6141.24,24.0,0.0
CUST-11657,41.0,Male,40.0,12.0,5.0,0.0,Premium,Monthly,2694.59,22.0,0.0
CUST-11658,28.0,Male,7.0,17.0,1.0,0.0,Basic,Monthly,1464.23,16.0,0.0
CUST-11659,30.0,Female,32.0,2.0,4.0,2.0,Premium,Monthly,3826.68,4.0,0.0
CUST-11660,51.0,Female,48.0,13.0,1.0,2.0,Premium,Monthly,7017.44,22.0,0.0
CUST-11661,42.0,Female,19.0,29.0,7.0,0.0,Basic,Monthly,2299.61,6.0,1.0
CUST-11662,24.0,Male,6.0,18.0,4.0,3.0,Premium,Monthly,880.35,25.0,0.0
CUST-11663,21.0,Male,20.0,28.0,0.0,2.0,Basic,Monthly,2366.9,16.0,0.0
CUST-11664,25.0,Female,27.0,28.0,2.0,0.0,Standard,Monthly,3719.43,20.0,1.0
CUST-11665,37.0,Female,53.0,27.0,2.0,15.0,Basic,Monthly,4782.8,6.0,0.0
CUST-11666,46.0,Female,43.0,15.0,1.0,15.0,Basic,Annual,6402.89,15.0,0.0
CUST-11667,62.0,Female,37.0,8.0,1.0,1.0,Standard,Quarterly,3768.77,26.0,0.0
CUST-11668,63.0,Female,48.0,15.0,5.0,1.0,Basic,Monthly,7067.58,1.0,0.0
CUST-11669,27.0,Male,7.0,1.0,1.0,5.0,Standard,Quarterly,1332.15,7.0,0.0
CUST-11670,60.0,Male,59.0,20.0,2.0,6.0,Standard,Quarterly,7653.08,23.0,0.0
CUST-11671,51.0,Female,5.0,10.0,3.0,22.0,Basic,Monthly,638.51,11.0,1.0
CUST-11672,43.0,Male,11.0,12.0,0.0,3.0,Basic,Monthly,1382.15,1.0,0.0
CUST-11673,58.0,Male,15.0,5.0,0.0,6.0,Standard,Monthly,2450.4,8.0,0.0
CUST-11674,66.0,Female,3.0,9.0,5.0,14.0,Premium,Annual,596.33,14.0,1.0
CUST-11675,20.0,Female,58.0,23.0,4.0,4.0,Standard,Monthly,7302.55,5.0,0.0
CUST-11676,23.0,Male,5.0,8.0,3.0,0.0,Standard,Quarterly,1043.85,13.0,0.0
CUST-11677,22.0,Male,23.0,16.0,2.0,3.0,Standard,Monthly,2473.92,15.0,0.0
CUST-11678,22.0,Male,53.0,14.0,5.0,1.0,Basic,Quarterly,5727.73,9.0,0.0
CUST-11679,64.0,Female,37.0,27.0,2.0,0.0,Standard,Monthly,2887.62,8.0,0.0
CUST-11680,40.0,Female,9.0,25.0,1.0,9.0,Premium,Monthly,983.26,19.0,1.0
CUST-11681,66.0,Male,15.0,13.0,3.0,1.0,Standard,Monthly,2188.48,17.0,0.0
CUST-11682,26.0,Male,3.0,23.0,3.0,0.0,Standard,Annual,828.66,19.0,0.0
CUST-11683,52.0,Female,29.0,21.0,4.0,14.0,Standard,Monthly,1745.1,18.0,0.0
CUST-11684,37.0,Male,6.0,13.0,1.0,4.0,Standard,Monthly,1316.8,18.0,0.0
CUST-11685,66.0,Female,17.0,5.0,2.0,1.0,Standard,Quarterly,1265.75,27.0,0.0
CUST-11686,59.0,Female,26.0,16.0,1.0,2.0,Standard,Quarterly,2988.19,4.0,0.0
CUST-11687,52.0,Male,21.0,26.0,0.0,1.0,Standard,Monthly,1445.67,2.0,0.0
CUST-11688,67.0,Female,8.0,11.0,3.0,1.0,Basic,Monthly,1288.41,24.0,1.0
CUST-11689,35.0,Male,21.0,22.0,0.0,12.0,Standard,Monthly,3469.16,5.0,0.0
CUST-11690,34.0,Male,57.0,5.0,2.0,1.0,Premium,Monthly,6731.96,17.0,0.0
CUST-11691,41.0,Female,11.0,13.0,2.0,5.0,Basic,Annual,1415.2,22.0,1.0
CUST-11692,20.0,Male,38.0,28.0,2.0,0.0,Premium,Monthly,4031.22,28.0,0.0
CUST-11693,49.0,Female,8.0,11.0,1.0,20.0,Basic,Annual,1289.65,7.0,1.0
CUST-11694,52.0,Female,42.0,25.0,3.0,6.0,Basic,Monthly,3473.29,29.0,0.0
CUST-11695,55.0,Male,24.0,19.0,0.0,16.0,Standard,Monthly,2699.27,16.0,0.0
CUST-11696,30.0,Male,35.0,3.0,2.0,3.0,Premium,Quarterly,4392.0,1.0,0.0
CUST-11697,64.0,Male,55.0,15.0,1.0,11.0,Standard,Quarterly,5276.57,29.0,0.0
CUST-11698,42.0,Male,14.0,7.0,2.0,13.0,Basic,Monthly,1065.55,12.0,1.0
CUST-11699,26.0,Male,55.0,7.0,6.0,8.0,Basic,Quarterly,5628.17,19.0,0.0
CUST-11700,21.0,Male,14.0,6.0,0.0,0.0,Standard,Quarterly,2200.94,9.0,0.0
CUST-11701,31.0,Male,10.0,3.0,0.0,0.0,Basic,Monthly,1727.23,16.0,0.0
CUST-11702,54.0,Female,12.0,13.0,4.0,1.0,Standard,Monthly,997.87,29.0,0.0
CUST-11703,51.0,Female,38.0,7.0,1.0,0.0,Standard,Monthly,4398.96,7.0,0.0
CUST-11704,28.0,Female,44.0,5.0,0.0,9.0,Standard,Quarterly,4288.28,29.0,0.0
CUST-11705,58.0,Male,55.0,23.0,2.0,5.0,Basic,Monthly,4518.6,15.0,0.0
CUST-11706,20.0,Male,46.0,18.0,6.0,5.0,Basic,Quarterly,5609.65,12.0,0.0
CUST-11707,45.0,Female,34.0,22.0,2.0,2.0,Basic,Quarterly,2684.13,4.0,0.0
CUST-11708,46.0,Male,41.0,8.0,2.0,1.0,Basic,Quarterly,3486.52,6.0,0.0
CUST-11709,26.0,Male,10.0,17.0,2.0,1.0,Standard,Quarterly,1346.83,6.0,0.0
CUST-11710,20.0,Female,58.0,20.0,2.0,3.0,Premium,Monthly,5922.12,15.0,0.0
CUST-11711,42.0,Female,17.0,27.0,3.0,9.0,Basic,Annual,2757.78,28.0,0.0
CUST-11712,51.0,Female,17.0,1.0,3.0,2.0,Basic,Quarterly,1738.07,3.0,1.0
CUST-11713,29.0,Male,3.0,14.0,1.0,8.0,Basic,Monthly,537.55,2.0,0.0
CUST-11714,59.0,Female,31.0,17.0,1.0,4.0,Premium,Quarterly,2752.61,5.0,0.0
CUST-11715,26.0,Female,51.0,10.0,0.0,15.0,Basic,Quarterly,4102.97,8.0,0.0
CUST-11716,32.0,Female,1.0,12.0,3.0,1.0,Premium,Monthly,519.28,19.0,0.0
CUST-11717,57.0,Female,12.0,16.0,3.0,4.0,Basic,Monthly,1898.17,21.0,1.0
CUST-11718,42.0,Female,39.0,14.0,2.0,0.0,Basic,Monthly,3602.49,16.0,0.0
CUST-11719,22.0,Female,4.0,27.0,2.0,2.0,Basic,Annual,891.63,19.0,0.0
CUST-11720,28.0,Male,42.0,16.0,2.0,4.0,Standard,Quarterly,6261.26,23.0,0.0
CUST-11721,51.0,Female,13.0,8.0,3.0,9.0,Standard,Monthly,1172.83,16.0,1.0
CUST-11722,41.0,Female,34.0,23.0,2.0,1.0,Standard,Quarterly,2823.59,6.0,0.0
CUST-11723,32.0,Female,42.0,28.0,3.0,1.0,Basic,Monthly,3230.38,22.0,0.0
CUST-11724,55.0,Male,21.0,10.0,3.0,6.0,Basic,Monthly,3121.75,1.0,0.0
CUST-11725,25.0,Male,22.0,29.0,2.0,3.0,Basic,Monthly,1758.29,18.0,1.0
CUST-11726,22.0,Female,57.0,17.0,2.0,4.0,Standard,Quarterly,4784.48,22.0,0.0
CUST-11727,65.0,Female,4.0,27.0,3.0,12.0,Basic,Annual,544.02,8.0,0.0
CUST-11728,43.0,Female,18.0,29.0,2.0,4.0,Standard,Annual,2115.17,5.0,0.0
CUST-11729,35.0,Female,5.0,18.0,2.0,7.0,Basic,Monthly,907.22,12.0,0.0
CUST-11730,23.0,Female,19.0,20.0,3.0,7.0,Basic,Quarterly,1830.28,18.0,1.0
CUST-11731,54.0,Female,2.0,16.0,4.0,11.0,Standard,Annual,367.09,5.0,0.0
CUST-11732,65.0,Female,12.0,17.0,5.0,7.0,Basic,Monthly,1868.68,25.0,1.0
CUST-11733,30.0,Female,17.0,16.0,4.0,0.0,Standard,Quarterly,1454.62,22.0,0.0
CUST-11734,45.0,Female,10.0,19.0,1.0,2.0,Basic,Annual,1195.2,29.0,0.0
CUST-11735,22.0,Male,34.0,24.0,2.0,31.0,Basic,Quarterly,4469.35,13.0,0.0
CUST-11736,30.0,Male,6.0,24.0,1.0,1.0,Premium,Monthly,1228.37,21.0,0.0
CUST-11737,34.0,Female,8.0,8.0,5.0,6.0,Basic,Annual,1071.63,26.0,0.0
CUST-11738,67.0,Male,51.0,6.0,4.0,12.0,Standard,Annual,4065.97,22.0,1.0
CUST-11739,57.0,Male,11.0,6.0,0.0,6.0,Premium,Quarterly,1706.7,29.0,0.0
CUST-11740,62.0,Male,57.0,21.0,3.0,3.0,Basic,Monthly,6929.99,12.0,0.0
CUST-11741,49.0,Male,12.0,29.0,4.0,0.0,Premium,Quarterly,1939.29,16.0,1.0
CUST-11742,46.0,Male,9.0,9.0,4.0,3.0,Basic,Monthly,1404.0,14.0,0.0
CUST-11743,20.0,Male,2.0,4.0,1.0,1.0,Standard,Monthly,487.13,11.0,1.0
CUST-11744,57.0,Female,8.0,26.0,2.0,22.0,Standard,Quarterly,1519.6,28.0,0.0
CUST-11745,51.0,Female,58.0,12.0,3.0,8.0,Premium,Annual,4318.07,9.0,0.0
CUST-11746,57.0,Male,11.0,28.0,3.0,9.0,Standard,Annual,1757.97,23.0,0.0
CUST-11747,44.0,Male,53.0,12.0,2.0,4.0,Standard,Quarterly,7211.96,10.0,0.0
CUST-11748,30.0,Female,36.0,23.0,3.0,0.0,Standard,Monthly,4344.94,16.0,0.0
CUST-11749,62.0,Male,10.0,17.0,5.0,2.0,Basic,Monthly,1414.12,19.0,1.0
CUST-11750,50.0,Female,21.0,15.0,3.0,2.0,Standard,Annual,1707.65,10.0,0.0
CUST-11751,23.0,Female,20.0,9.0,5.0,4.0,Basic,Quarterly,1131.92,26.0,1.0
CUST-11752,41.0,Female,48.0,7.0,4.0,4.0,Standard,Annual,4067.1,21.0,0.0
CUST-11753,36.0,Male,8.0,10.0,0.0,3.0,Standard,Monthly,1117.2,4.0,1.0
CUST-11754,33.0,Female,36.0,16.0,1.0,4.0,Premium,Quarterly,3874.75,27.0,0.0
CUST-11755,57.0,Male,29.0,12.0,4.0,30.0,Standard,Annual,2183.74,21.0,1.0
CUST-11756,45.0,Female,42.0,25.0,2.0,2.0,Premium,Monthly,5662.78,8.0,0.0
CUST-11757,50.0,Female,12.0,7.0,0.0,6.0,Basic,Monthly,990.69,11.0,0.0
CUST-11758,65.0,Male,14.0,18.0,5.0,1.0,Basic,Monthly,2029.52,6.0,1.0
CUST-11759,58.0,Male,48.0,15.0,2.0,4.0,Standard,Annual,4833.42,4.0,0.0
CUST-11760,30.0,Male,54.0,6.0,2.0,1.0,Standard,Quarterly,5282.3,21.0,0.0
CUST-11761,60.0,Female,50.0,26.0,0.0,5.0,Standard,Quarterly,4138.14,27.0,0.0
CUST-11762,62.0,Male,21.0,12.0,1.0,2.0,Standard,Monthly,3101.99,23.0,0.0
CUST-11763,42.0,Female,22.0,11.0,1.0,0.0,Basic,Quarterly,1468.79,24.0,0.0
CUST-11764,59.0,Male,21.0,20.0,2.0,11.0,Standard,Quarterly,1773.11,5.0,1.0
CUST-11765,53.0,Female,44.0,3.0,3.0,0.0,Basic,Monthly,5492.01,18.0,0.0
CUST-11766,44.0,Female,50.0,2.0,2.0,3.0,Basic,Annual,7009.32,22.0,0.0
CUST-11767,55.0,Female,30.0,6.0,5.0,4.0,Basic,Monthly,1981.15,25.0,0.0
CUST-11768,24.0,Female,39.0,24.0,2.0,3.0,Standard,Monthly,5280.79,3.0,0.0
CUST-11769,22.0,Male,20.0,22.0,2.0,9.0,Standard,Monthly,2760.22,7.0,0.0
CUST-11770,60.0,Male,24.0,25.0,0.0,6.0,Basic,Monthly,2974.31,24.0,0.0
CUST-11771,62.0,Female,23.0,5.0,2.0,2.0,Standard,Quarterly,2505.66,22.0,0.0
CUST-11772,48.0,Male,7.0,18.0,0.0,0.0,Basic,Monthly,715.91,12.0,1.0
CUST-11773,40.0,Male,9.0,16.0,2.0,10.0,Premium,Annual,1111.01,3.0,1.0
CUST-11774,59.0,Male,1.0,8.0,2.0,3.0,Standard,Monthly,466.62,17.0,0.0
CUST-11775,27.0,Male,26.0,25.0,4.0,15.0,Basic,Monthly,1726.83,3.0,1.0
CUST-11776,49.0,Male,38.0,26.0,3.0,3.0,Premium,Quarterly,4294.23,11.0,0.0
CUST-11777,60.0,Female,38.0,20.0,6.0,8.0,Basic,Quarterly,3383.5,6.0,0.0
CUST-11778,47.0,Male,54.0,22.0,5.0,19.0,Standard,Monthly,5393.57,11.0,1.0
CUST-11779,56.0,Female,44.0,11.0,2.0,7.0,Standard,Annual,5006.07,4.0,0.0
CUST-11780,48.0,Male,22.0,10.0,0.0,3.0,Basic,Quarterly,3271.24,17.0,1.0
CUST-11781,35.0,Female,44.0,24.0,3.0,5.0,Standard,Monthly,5010.55,22.0,0.0
CUST-11782,53.0,Male,10.0,25.0,4.0,5.0,Basic,Monthly,872.29,1.0,0.0
CUST-11783,19.0,Female,55.0,12.0,2.0,6.0,Premium,Monthly,3529.29,12.0,0.0
CUST-11784,31.0,Female,58.0,21.0,2.0,1.0,Basic,Annual,6688.15,24.0,0.0
CUST-11785,30.0,Male,6.0,28.0,3.0,8.0,Basic,Monthly,895.6,3.0,0.0
CUST-11786,46.0,Female,17.0,6.0,2.0,1.0,Standard,Monthly,2189.86,16.0,0.0
CUST-11787,29.0,Female,51.0,27.0,3.0,0.0,Basic,Monthly,5376.55,3.0,0.0
CUST-11788,56.0,Female,50.0,20.0,3.0,6.0,Standard,Monthly,7117.63,14.0,0.0
CUST-11789,19.0,Female,38.0,5.0,3.0,0.0,Premium,Quarterly,5785.75,17.0,1.0
CUST-11790,49.0,Male,24.0,23.0,3.0,10.0,Standard,Quarterly,1788.77,19.0,0.0
CUST-11791,30.0,Female,51.0,9.0,1.0,14.0,Basic,Monthly,6445.94,7.0,0.0
CUST-11792,63.0,Male,10.0,26.0,3.0,20.0,Standard,Monthly,1031.71,26.0,1.0
CUST-11793,44.0,Male,56.0,27.0,2.0,7.0,Premium,Monthly,5389.14,24.0,0.0
CUST-11794,66.0,Female,8.0,29.0,3.0,4.0,Basic,Quarterly,1006.24,11.0,0.0
CUST-11795,58.0,Male,21.0,16.0,1.0,3.0,Standard,Annual,2669.59,16.0,0.0
CUST-11796,34.0,Female,56.0,22.0,2.0,4.0,Basic,Monthly,5252.69,24.0,0.0
CUST-11797,57.0,Female,6.0,14.0,3.0,1.0,Premium,Monthly,1128.65,19.0,0.0
CUST-11798,48.0,Female,21.0,22.0,2.0,2.0,Standard,Monthly,2088.72,5.0,0.0
CUST-11799,51.0,Female,57.0,8.0,2.0,8.0,Premium,Annual,5301.2,1.0,0.0
CUST-11800,41.0,Male,39.0,27.0,3.0,1.0,Premium,Quarterly,3144.36,25.0,0.0
CUST-11801,62.0,Male,24.0,20.0,2.0,2.0,Basic,Monthly,3182.06,24.0,0.0
CUST-11802,52.0,Male,33.0,19.0,3.0,9.0,Basic,Monthly,1972.89,10.0,0.0
CUST-11803,65.0,Male,59.0,14.0,4.0,1.0,Basic,Monthly,5528.6,18.0,0.0
CUST-11804,23.0,Male,18.0,7.0,2.0,1.0,Basic,Quarterly,1866.94,10.0,0.0
CUST-11805,36.0,Male,56.0,5.0,4.0,0.0,Standard,Monthly,4566.42,1.0,0.0
CUST-11806,47.0,Female,28.0,18.0,2.0,8.0,Premium,Monthly,1720.25,29.0,1.0
CUST-11807,24.0,Female,57.0,2.0,2.0,6.0,Basic,Quarterly,4086.85,13.0,0.0
CUST-11808,27.0,Male,52.0,11.0,0.0,8.0,Standard,Monthly,5135.19,4.0,0.0
CUST-11809,58.0,Female,32.0,22.0,1.0,1.0,Premium,Quarterly,3401.57,25.0,0.0
CUST-11810,49.0,Male,12.0,8.0,3.0,8.0,Basic,Monthly,1110.93,12.0,0.0
CUST-11811,51.0,Male,48.0,1.0,3.0,6.0,Basic,Quarterly,5843.52,24.0,0.0
CUST-11812,45.0,Female,42.0,27.0,4.0,3.0,Standard,Monthly,3922.86,16.0,1.0
CUST-11813,32.0,Female,27.0,22.0,5.0,4.0,Standard,Annual,2813.11,19.0,0.0
CUST-11814,47.0,Female,10.0,12.0,0.0,5.0,Premium,Monthly,1363.16,26.0,0.0
CUST-11815,54.0,Male,46.0,2.0,3.0,4.0,Basic,Monthly,5014.14,12.0,0.0
CUST-11816,46.0,Female,57.0,18.0,3.0,7.0,Premium,Annual,8447.85,6.0,0.0
CUST-11817,39.0,Female,52.0,7.0,4.0,1.0,Standard,Annual,4679.21,16.0,0.0
CUST-11818,21.0,Female,42.0,26.0,1.0,5.0,Basic,Monthly,5817.88,12.0,0.0
CUST-11819,37.0,Female,32.0,17.0,4.0,4.0,Basic,Annual,4187.81,25.0,0.0
CUST-11820,49.0,Female,42.0,22.0,1.0,4.0,Basic,Monthly,6317.26,26.0,0.0
CUST-11821,53.0,Female,26.0,23.0,2.0,4.0,Basic,Quarterly,4034.37,24.0,0.0
CUST-11822,67.0,Female,25.0,14.0,4.0,14.0,Basic,Monthly,1567.41,10.0,1.0
CUST-11823,21.0,Female,11.0,24.0,4.0,11.0,Standard,Monthly,1034.01,5.0,1.0
CUST-11824,44.0,Female,23.0,7.0,6.0,6.0,Standard,Monthly,3077.27,28.0,1.0
CUST-11825,34.0,Male,34.0,22.0,4.0,8.0,Standard,Quarterly,3339.01,29.0,0.0
CUST-11826,29.0,Female,57.0,25.0,4.0,0.0,Basic,Quarterly,7956.39,28.0,0.0
CUST-11827,39.0,Male,52.0,29.0,0.0,9.0,Standard,Monthly,2993.18,25.0,0.0
CUST-11828,34.0,Male,40.0,3.0,3.0,4.0,Standard,Annual,5671.55,25.0,0.0
CUST-11829,27.0,Female,23.0,27.0,2.0,2.0,Premium,Monthly,1647.3,19.0,0.0
CUST-11830,18.0,Female,29.0,6.0,1.0,1.0,Premium,Monthly,2401.13,12.0,0.0
CUST-11831,39.0,Female,31.0,20.0,2.0,0.0,Premium,Quarterly,4972.93,8.0,0.0
CUST-11832,43.0,Male,7.0,2.0,3.0,0.0,Standard,Monthly,608.25,4.0,1.0
CUST-11833,35.0,Female,40.0,17.0,2.0,1.0,Basic,Monthly,3739.15,26.0,1.0
CUST-11834,67.0,Male,33.0,12.0,2.0,0.0,Basic,Monthly,2310.73,7.0,0.0
CUST-11835,31.0,Female,21.0,12.0,1.0,9.0,Premium,Monthly,3039.59,26.0,0.0
CUST-11836,64.0,Female,2.0,17.0,3.0,2.0,Standard,Annual,517.93,24.0,1.0
CUST-11837,46.0,Female,18.0,27.0,2.0,3.0,Standard,Monthly,2793.32,23.0,0.0
CUST-11838,29.0,Female,47.0,10.0,4.0,12.0,Premium,Monthly,5274.12,5.0,1.0
CUST-11839,53.0,Female,33.0,3.0,1.0,0.0,Standard,Monthly,3217.69,11.0,0.0
CUST-11840,52.0,Female,37.0,20.0,2.0,12.0,Basic,Monthly,2251.65,17.0,1.0
CUST-11841,29.0,Male,34.0,18.0,1.0,7.0,Basic,Monthly,3098.91,28.0,0.0
CUST-11842,24.0,Male,20.0,13.0,2.0,2.0,Basic,Quarterly,2410.46,24.0,0.0
CUST-11843,46.0,Female,35.0,12.0,2.0,0.0,Standard,Quarterly,4278.08,21.0,0.0
CUST-11844,28.0,Female,51.0,27.0,2.0,0.0,Standard,Annual,3821.93,3.0,0.0
CUST-11845,50.0,Male,50.0,27.0,3.0,2.0,Premium,Monthly,3434.35,2.0,0.0
CUST-11846,23.0,Female,54.0,27.0,2.0,1.0,Standard,Monthly,3878.02,19.0,0.0
CUST-11847,64.0,Male,18.0,17.0,2.0,2.0,Basic,Annual,1639.43,29.0,0.0
CUST-11848,32.0,Female,46.0,4.0,2.0,0.0,Basic,Monthly,3460.12,25.0,0.0
CUST-11849,49.0,Female,24.0,23.0,5.0,6.0,Standard,Annual,1930.51,2.0,1.0
CUST-11850,28.0,Female,8.0,10.0,2.0,1.0,Premium,Annual,868.23,14.0,0.0
CUST-11851,40.0,Female,30.0,11.0,1.0,9.0,Basic,Annual,4409.48,26.0,0.0
CUST-11852,43.0,Male,44.0,6.0,1.0,1.0,Premium,Monthly,3405.28,1.0,0.0
CUST-11853,51.0,Male,53.0,6.0,2.0,11.0,Basic,Monthly,7067.4,16.0,1.0
CUST-11854,63.0,Female,10.0,27.0,5.0,1.0,Basic,Quarterly,1418.44,15.0,0.0
CUST-11855,51.0,Female,23.0,9.0,4.0,8.0,Premium,Quarterly,2686.53,18.0,1.0
CUST-11856,46.0,Male,52.0,15.0,2.0,2.0,Basic,Monthly,3318.22,29.0,0.0
CUST-11857,21.0,Female,49.0,2.0,4.0,6.0,Standard,Quarterly,5405.54,2.0,1.0
CUST-11858,34.0,Male,11.0,4.0,0.0,0.0,Basic,Monthly,1046.86,28.0,0.0
CUST-11859,52.0,Female,2.0,5.0,6.0,4.0,Premium,Monthly,252.66,11.0,1.0
CUST-11860,30.0,Female,58.0,17.0,4.0,1.0,Premium,Annual,8466.92,21.0,0.0
CUST-11861,58.0,Male,26.0,8.0,4.0,4.0,Premium,Monthly,3318.62,17.0,0.0
CUST-11862,56.0,Male,36.0,8.0,2.0,1.0,Basic,Monthly,3006.18,13.0,0.0
CUST-11863,32.0,Female,33.0,22.0,1.0,4.0,Basic,Monthly,3383.72,12.0,0.0
CUST-11864,46.0,Female,47.0,12.0,2.0,0.0,Standard,Monthly,4486.45,26.0,0.0
CUST-11865,46.0,Female,13.0,21.0,1.0,1.0,Basic,Monthly,1947.99,24.0,0.0
CUST-11866,28.0,Female,40.0,8.0,1.0,6.0,Standard,Monthly,4869.41,2.0,0.0
CUST-11867,49.0,Female,25.0,19.0,1.0,26.0,Standard,Monthly,1536.83,22.0,1.0
CUST-11868,19.0,Female,4.0,3.0,5.0,4.0,Basic,Annual,718.54,21.0,0.0
CUST-11869,64.0,Female,42.0,18.0,2.0,8.0,Standard,Annual,4448.78,18.0,0.0
CUST-11870,31.0,Male,19.0,21.0,5.0,5.0,Premium,Monthly,1907.45,10.0,1.0
CUST-11871,37.0,Male,18.0,19.0,5.0,4.0,Premium,Monthly,1897.44,12.0,1.0
CUST-11872,39.0,Male,37.0,19.0,2.0,0.0,Basic,Monthly,4654.62,17.0,0.0
CUST-11873,28.0,Female,30.0,15.0,5.0,1.0,Basic,Quarterly,3766.28,22.0,0.0
CUST-11874,44.0,Male,19.0,6.0,5.0,15.0,Basic,Quarterly,2085.25,14.0,1.0
CUST-11875,20.0,Female,58.0,16.0,2.0,3.0,Basic,Annual,8373.53,22.0,0.0
CUST-11876,34.0,Female,23.0,8.0,3.0,6.0,Basic,Monthly,1774.66,19.0,0.0
CUST-11877,61.0,Female,59.0,16.0,2.0,5.0,Premium,Quarterly,6700.24,13.0,0.0
CUST-11878,45.0,Male,54.0,18.0,3.0,3.0,Basic,Quarterly,8214.79,24.0,0.0
CUST-11879,46.0,Male,16.0,20.0,5.0,3.0,Basic,Annual,1852.41,25.0,0.0
CUST-11880,38.0,Male,1.0,16.0,2.0,5.0,Basic,Quarterly,451.32,3.0,1.0
CUST-11881,64.0,Male,12.0,11.0,5.0,1.0,Basic,Monthly,1128.47,25.0,0.0
CUST-11882,33.0,Male,24.0,7.0,5.0,3.0,Basic,Quarterly,3576.24,8.0,0.0
CUST-11883,54.0,Female,34.0,17.0,3.0,4.0,Standard,Annual,3262.28,5.0,0.0
CUST-11884,37.0,Female,53.0,17.0,5.0,29.0,Standard,Monthly,6708.66,22.0,1.0
CUST-11885,23.0,Female,57.0,12.0,2.0,3.0,Basic,Monthly,4117.39,28.0,0.0
CUST-11886,36.0,Female,8.0,13.0,6.0,7.0,Basic,Monthly,815.03,28.0,1.0
CUST-11887,22.0,Male,18.0,10.0,4.0,1.0,Standard,Monthly,1877.13,12.0,1.0
CUST-11888,20.0,Female,57.0,7.0,0.0,0.0,Basic,Monthly,4771.24,1.0,0.0
CUST-11889,18.0,Female,48.0,14.0,4.0,14.0,Basic,Annual,6694.73,21.0,0.0
CUST-11890,55.0,Male,5.0,23.0,2.0,9.0,Premium,Quarterly,873.12,26.0,0.0
CUST-11891,32.0,Female,26.0,1.0,3.0,2.0,Standard,Quarterly,2952.11,16.0,0.0
CUST-11892,51.0,Male,30.0,17.0,2.0,4.0,Standard,Quarterly,1911.72,26.0,1.0
CUST-11893,52.0,Female,54.0,4.0,2.0,1.0,Premium,Annual,4127.1,12.0,0.0
CUST-11894,66.0,Female,13.0,21.0,2.0,8.0,Standard,Annual,1908.85,23.0,1.0
CUST-11895,42.0,Male,19.0,5.0,3.0,0.0,Premium,Quarterly,1359.98,17.0,1.0
CUST-11896,41.0,Female,29.0,20.0,2.0,9.0,Premium,Monthly,3551.08,26.0,0.0
CUST-11897,29.0,Female,3.0,24.0,0.0,5.0,Basic,Monthly,560.89,9.0,0.0
CUST-11898,35.0,Female,26.0,23.0,6.0,2.0,Premium,Monthly,3414.5,13.0,1.0
CUST-11899,32.0,Male,40.0,25.0,2.0,13.0,Basic,Monthly,5789.04,23.0,0.0
CUST-11900,61.0,Female,59.0,7.0,0.0,29.0,Basic,Monthly,5925.38,4.0,0.0
CUST-11901,33.0,Male,58.0,10.0,3.0,2.0,Premium,Quarterly,7766.6,27.0,0.0
CUST-11902,44.0,Male,58.0,17.0,1.0,11.0,Premium,Quarterly,7516.05,4.0,0.0
CUST-11903,25.0,Male,12.0,29.0,0.0,9.0,Standard,Monthly,1506.01,27.0,0.0
CUST-11904,63.0,Female,2.0,7.0,2.0,9.0,Basic,Annual,601.35,15.0,0.0
CUST-11905,42.0,Female,11.0,1.0,2.0,22.0,Standard,Monthly,1034.74,10.0,1.0
CUST-11906,34.0,Female,44.0,7.0,2.0,4.0,Standard,Quarterly,6486.86,23.0,0.0
CUST-11907,46.0,Female,28.0,26.0,3.0,7.0,Basic,Quarterly,3607.33,6.0,0.0
CUST-11908,25.0,Male,18.0,24.0,3.0,12.0,Premium,Quarterly,2656.95,3.0,0.0
CUST-11909,32.0,Male,13.0,11.0,1.0,4.0,Basic,Monthly,1860.19,25.0,0.0
CUST-11910,44.0,Male,37.0,9.0,3.0,4.0,Basic,Quarterly,2678.24,15.0,0.0
CUST-11911,63.0,Male,22.0,12.0,1.0,2.0,Basic,Monthly,3379.29,6.0,0.0
CUST-11912,67.0,Male,12.0,3.0,3.0,10.0,Basic,Quarterly,1201.06,11.0,0.0
CUST-11913,24.0,Male,2.0,4.0,3.0,8.0,Standard,Monthly,457.39,2.0,0.0
CUST-11914,20.0,Male,37.0,4.0,5.0,4.0,Basic,Quarterly,3102.58,26.0,0.0
CUST-11915,46.0,Male,7.0,28.0,1.0,3.0,Premium,Monthly,1106.26,28.0,0.0
CUST-11916,61.0,Male,26.0,25.0,5.0,0.0,Basic,Quarterly,2911.1,2.0,1.0
CUST-11917,41.0,Male,26.0,13.0,2.0,0.0,Standard,Monthly,4170.72,1.0,1.0
CUST-11918,20.0,Female,24.0,23.0,1.0,5.0,Standard,Annual,3658.72,11.0,0.0
CUST-11919,37.0,Female,12.0,19.0,1.0,3.0,Basic,Annual,1949.32,5.0,0.0
CUST-11920,63.0,Female,16.0,10.0,3.0,11.0,Standard,Monthly,1495.09,26.0,1.0
CUST-11921,32.0,Male,23.0,5.0,5.0,5.0,Premium,Monthly,1553.71,6.0,1.0
CUST-11922,42.0,Male,40.0,7.0,1.0,19.0,Standard,Quarterly,4867.26,3.0,0.0
CUST-11923,47.0,Female,9.0,24.0,3.0,1.0,Standard,Monthly,1248.01,20.0,0.0
CUST-11924,31.0,Male,32.0,16.0,4.0,32.0,Premium,Monthly,4505.28,5.0,1.0
CUST-11925,24.0,Male,15.0,1.0,2.0,2.0,Premium,Monthly,2087.85,20.0,1.0
CUST-11926,34.0,Male,37.0,12.0,1.0,7.0,Basic,Quarterly,3562.09,9.0,0.0
CUST-11927,61.0,Male,13.0,2.0,4.0,4.0,Standard,Monthly,1890.28,28.0,1.0
CUST-11928,37.0,Male,5.0,7.0,3.0,3.0,Basic,Monthly,1076.17,19.0,0.0
CUST-11929,53.0,Male,11.0,11.0,3.0,1.0,Basic,Quarterly,1968.11,5.0,0.0
CUST-11930,26.0,Female,10.0,29.0,2.0,1.0,Basic,Monthly,1446.02,23.0,0.0
CUST-11931,55.0,Male,52.0,13.0,0.0,8.0,Premium,Monthly,7067.4,12.0,0.0
CUST-11932,65.0,Male,13.0,2.0,3.0,3.0,Standard,Annual,1421.68,12.0,0.0
CUST-11933,39.0,Female,41.0,7.0,4.0,22.0,Basic,Quarterly,2564.19,16.0,1.0
CUST-11934,19.0,Male,53.0,15.0,4.0,2.0,Basic,Monthly,3795.23,7.0,0.0
CUST-11935,41.0,Male,46.0,25.0,3.0,28.0,Premium,Monthly,3008.88,14.0,1.0
CUST-11936,25.0,Female,50.0,11.0,5.0,1.0,Basic,Quarterly,3595.32,22.0,0.0
CUST-11937,28.0,Male,15.0,2.0,4.0,0.0,Basic,Monthly,1198.96,9.0,1.0
CUST-11938,30.0,Male,42.0,7.0,0.0,2.0,Premium,Annual,6193.88,15.0,0.0
CUST-11939,34.0,Male,56.0,4.0,3.0,15.0,Standard,Quarterly,6286.28,23.0,1.0
CUST-11940,25.0,Male,7.0,11.0,1.0,5.0,Basic,Annual,1083.08,11.0,1.0
CUST-11941,38.0,Female,40.0,29.0,3.0,1.0,Standard,Annual,3748.54,4.0,0.0
CUST-11942,35.0,Female,28.0,2.0,2.0,1.0,Premium,Monthly,3186.16,11.0,0.0
CUST-11943,47.0,Male,32.0,29.0,4.0,2.0,Premium,Quarterly,1901.51,26.0,0.0
CUST-11944,35.0,Female,35.0,16.0,1.0,6.0,Basic,Annual,2998.6,9.0,0.0
CUST-11945,63.0,Female,15.0,7.0,8.0,2.0,Basic,Quarterly,2208.39,6.0,1.0
CUST-11946,64.0,Male,48.0,13.0,1.0,9.0,Basic,Monthly,6385.9,17.0,0.0
CUST-11947,48.0,Female,36.0,5.0,2.0,6.0,Standard,Monthly,3976.15,9.0,0.0
CUST-11948,55.0,Male,21.0,17.0,4.0,14.0,Standard,Monthly,2114.67,27.0,1.0
CUST-11949,49.0,Male,6.0,21.0,3.0,4.0,Basic,Quarterly,691.96,23.0,0.0
CUST-11950,28.0,Male,1.0,12.0,5.0,2.0,Premium,Quarterly,175.97,6.0,0.0
CUST-11951,62.0,Male,4.0,28.0,2.0,39.0,Standard,Annual,619.68,6.0,1.0
CUST-11952,42.0,Male,11.0,19.0,3.0,3.0,Standard,Quarterly,1673.59,4.0,0.0
CUST-11953,50.0,Female,44.0,7.0,2.0,3.0,Premium,Annual,3115.83,20.0,0.0
CUST-11954,55.0,Male,26.0,6.0,4.0,11.0,Standard,Monthly,3574.69,11.0,1.0
CUST-11955,58.0,Male,37.0,8.0,4.0,0.0,Basic,Monthly,3249.47,3.0,0.0
CUST-11956,25.0,Male,23.0,13.0,2.0,3.0,Standard,Annual,2418.32,24.0,0.0
CUST-11957,28.0,Female,29.0,5.0,1.0,0.0,Premium,Quarterly,3499.56,24.0,0.0
CUST-11958,39.0,Female,21.0,2.0,2.0,1.0,Basic,Quarterly,2431.68,18.0,0.0
CUST-11959,41.0,Female,48.0,9.0,1.0,0.0,Premium,Monthly,5399.12,16.0,0.0
CUST-11960,58.0,Female,45.0,11.0,7.0,0.0,Basic,Quarterly,2857.48,21.0,0.0
CUST-11961,34.0,Female,45.0,24.0,1.0,3.0,Basic,Annual,4536.19,16.0,0.0
CUST-11962,29.0,Male,49.0,6.0,3.0,11.0,Basic,Monthly,4125.0,29.0,0.0
CUST-11963,63.0,Female,27.0,29.0,2.0,6.0,Premium,Quarterly,1803.84,25.0,0.0
CUST-11964,49.0,Female,39.0,26.0,1.0,7.0,Standard,Monthly,2895.95,12.0,0.0
CUST-11965,32.0,Female,40.0,7.0,4.0,5.0,Basic,Monthly,4542.2,14.0,0.0
CUST-11966,33.0,Female,13.0,25.0,5.0,11.0,Premium,Quarterly,1021.53,9.0,1.0
CUST-11967,39.0,Male,23.0,7.0,2.0,14.0,Standard,Monthly,1768.89,7.0,1.0
CUST-11968,45.0,Male,59.0,19.0,4.0,13.0,Premium,Monthly,6280.43,14.0,0.0
CUST-11969,37.0,Male,16.0,6.0,4.0,11.0,Basic,Quarterly,2494.01,20.0,0.0
CUST-11970,50.0,Female,30.0,11.0,3.0,1.0,Basic,Quarterly,4186.79,20.0,0.0
CUST-11971,27.0,Female,4.0,29.0,1.0,6.0,Standard,Monthly,1035.78,10.0,1.0
CUST-11972,57.0,Male,40.0,11.0,3.0,6.0,Premium,Annual,4663.54,11.0,0.0
CUST-11973,49.0,Female,16.0,7.0,2.0,5.0,Standard,Monthly,1786.72,7.0,0.0
CUST-11974,67.0,Male,31.0,2.0,2.0,4.0,Standard,Annual,4030.37,19.0,0.0
CUST-11975,50.0,Female,53.0,19.0,2.0,0.0,Premium,Quarterly,4145.22,19.0,0.0
CUST-11976,19.0,Male,42.0,4.0,3.0,0.0,Basic,Monthly,2678.95,21.0,0.0
CUST-11977,50.0,Male,25.0,26.0,1.0,16.0,Standard,Monthly,2430.94,11.0,0.0
CUST-11978,50.0,Male,44.0,6.0,1.0,6.0,Basic,Monthly,3892.46,29.0,0.0
CUST-11979,58.0,Female,12.0,17.0,2.0,2.0,Basic,Monthly,1832.39,6.0,0.0
CUST-11980,30.0,Male,26.0,25.0,4.0,2.0,Basic,Quarterly,2898.71,8.0,0.0
CUST-11981,47.0,Male,37.0,5.0,2.0,6.0,Premium,Monthly,2520.12,1.0,1.0
CUST-11982,50.0,Female,48.0,29.0,4.0,3.0,Premium,Monthly,7065.21,23.0,0.0
CUST-11983,30.0,Male,33.0,28.0,2.0,4.0,Basic,Quarterly,3912.73,8.0,0.0
CUST-11984,43.0,Female,28.0,7.0,1.0,0.0,Basic,Monthly,2829.59,5.0,0.0
CUST-11985,39.0,Female,9.0,9.0,4.0,1.0,Basic,Quarterly,1607.84,28.0,0.0
CUST-11986,56.0,Male,12.0,25.0,3.0,3.0,Premium,Monthly,922.41,10.0,0.0
CUST-11987,19.0,Female,5.0,1.0,4.0,8.0,Standard,Quarterly,982.49,2.0,0.0
CUST-11988,55.0,Male,54.0,1.0,1.0,0.0,Premium,Quarterly,4850.16,4.0,0.0
CUST-11989,56.0,Female,52.0,19.0,1.0,2.0,Premium,Quarterly,6532.56,22.0,0.0
CUST-11990,43.0,Male,54.0,6.0,3.0,8.0,Basic,Monthly,8121.66,25.0,0.0
CUST-11991,63.0,Female,28.0,18.0,1.0,10.0,Basic,Monthly,3340.67,2.0,0.0
CUST-11992,67.0,Male,56.0,10.0,6.0,1.0,Standard,Monthly,3386.76,15.0,0.0
CUST-11993,32.0,Female,35.0,28.0,4.0,9.0,Basic,Monthly,2127.56,20.0,0.0
CUST-11994,51.0,Male,5.0,11.0,1.0,21.0,Basic,Monthly,685.04,10.0,1.0
CUST-11995,59.0,Male,34.0,1.0,4.0,16.0,Basic,Quarterly,4604.6,21.0,1.0
CUST-11996,61.0,Male,46.0,1.0,0.0,10.0,Standard,Quarterly,3688.49,24.0,0.0
CUST-11997,66.0,Male,34.0,13.0,3.0,8.0,Standard,Annual,2961.87,24.0,0.0
CUST-11998,57.0,Female,13.0,5.0,2.0,1.0,Basic,Monthly,1746.43,2.0,0.0
CUST-11999,28.0,Male,39.0,20.0,4.0,7.0,Standard,Quarterly,2766.5,6.0,1.0
CUST-12000,20.0,Female,42.0,1.0,2.0,7.0,Basic,Annual,5892.57,22.0,0.0
CUST-12001,23.0,Female,45.0,20.0,5.0,3.0,Premium,Quarterly,3524.76,29.0,0.0
CUST-12002,26.0,Female,48.0,3.0,0.0,4.0,Standard,Quarterly,3006.63,14.0,0.0
CUST-12003,23.0,Male,58.0,18.0,1.0,8.0,Basic,Annual,3920.58,5.0,0.0
CUST-12004,26.0,Male,14.0,9.0,2.0,21.0,Standard,Annual,2407.56,24.0,1.0
CUST-12005,56.0,Female,11.0,14.0,4.0,2.0,Standard,Monthly,1366.38,26.0,0.0
CUST-12006,48.0,Male,42.0,27.0,1.0,1.0,Basic,Quarterly,3299.73,2.0,0.0
CUST-12007,49.0,Male,38.0,17.0,2.0,6.0,Basic,Monthly,3958.46,14.0,1.0
CUST-12008,58.0,Female,4.0,23.0,3.0,0.0,Premium,Quarterly,890.65,13.0,0.0
CUST-12009,67.0,Female,53.0,14.0,2.0,6.0,Basic,Annual,4486.75,2.0,0.0
CUST-12010,29.0,Female,33.0,29.0,3.0,0.0,Standard,Monthly,4337.53,23.0,0.0
CUST-12011,25.0,Male,7.0,4.0,2.0,4.0,Premium,Annual,794.92,9.0,0.0
CUST-12012,25.0,Female,56.0,5.0,1.0,6.0,Basic,Quarterly,3893.56,3.0,0.0
CUST-12013,67.0,Male,41.0,26.0,2.0,0.0,Basic,Monthly,4602.4,15.0,0.0
CUST-12014,45.0,Male,8.0,21.0,5.0,1.0,Premium,Quarterly,831.9,23.0,0.0
CUST-12015,37.0,Female,37.0,17.0,1.0,2.0,Basic,Monthly,5523.57,3.0,0.0
CUST-12016,64.0,Male,51.0,22.0,1.0,3.0,Standard,Monthly,3033.7,12.0,1.0
CUST-12017,24.0,Male,10.0,29.0,3.0,7.0,Standard,Annual,1581.26,6.0,1.0
CUST-12018,28.0,Male,43.0,25.0,2.0,5.0,Premium,Monthly,3403.98,19.0,1.0
CUST-12019,37.0,Female,57.0,2.0,2.0,3.0,Premium,Quarterly,7972.93,17.0,0.0
CUST-12020,33.0,Female,15.0,23.0,1.0,4.0,Premium,Annual,1053.97,6.0,0.0
CUST-12021,21.0,Female,38.0,22.0,4.0,0.0,Standard,Annual,5585.85,27.0,0.0
CUST-12022,23.0,Female,15.0,5.0,1.0,10.0,Premium,Annual,1146.29,19.0,0.0
CUST-12023,39.0,Male,5.0,4.0,0.0,0.0,Premium,Quarterly,1042.05,17.0,0.0
CUST-12024,43.0,Male,29.0,4.0,2.0,12.0,Premium,Quarterly,3227.0,16.0,0.0
CUST-12025,20.0,Male,19.0,6.0,3.0,5.0,Premium,Monthly,2105.51,21.0,1.0
CUST-12026,58.0,Male,54.0,20.0,2.0,5.0,Basic,Monthly,4550.72,8.0,0.0
CUST-12027,59.0,Male,51.0,21.0,1.0,8.0,Standard,Annual,7192.94,24.0,0.0
CUST-12028,31.0,Female,10.0,13.0,4.0,13.0,Basic,Quarterly,924.17,24.0,1.0
CUST-12029,28.0,Male,12.0,22.0,2.0,20.0,Basic,Monthly,1681.99,19.0,1.0
CUST-12030,35.0,Male,54.0,5.0,2.0,5.0,Basic,Monthly,5159.34,8.0,1.0
CUST-12031,29.0,Male,4.0,23.0,0.0,1.0,Premium,Annual,718.8,20.0,1.0
CUST-12032,40.0,Male,31.0,25.0,1.0,14.0,Basic,Annual,3923.2,15.0,0.0
CUST-12033,29.0,Female,18.0,26.0,4.0,0.0,Standard,Monthly,1516.63,8.0,1.0
CUST-12034,30.0,Male,16.0,23.0,1.0,11.0,Standard,Quarterly,1645.03,3.0,1.0
CUST-12035,42.0,Male,40.0,7.0,5.0,7.0,Basic,Monthly,2495.73,16.0,1.0
CUST-12036,62.0,Female,36.0,20.0,1.0,16.0,Standard,Quarterly,3301.32,3.0,0.0
CUST-12037,36.0,Male,25.0,1.0,3.0,15.0,Standard,Quarterly,2270.99,1.0,1.0
CUST-12038,63.0,Male,23.0,14.0,3.0,0.0,Premium,Quarterly,3401.95,8.0,0.0
CUST-12039,53.0,Male,12.0,24.0,4.0,6.0,Basic,Monthly,1665.52,24.0,1.0
CUST-12040,62.0,Female,34.0,4.0,2.0,0.0,Basic,Monthly,2068.18,9.0,0.0
CUST-12041,25.0,Female,36.0,17.0,2.0,0.0,Standard,Monthly,4184.74,22.0,0.0
CUST-12042,46.0,Female,37.0,21.0,2.0,4.0,Basic,Annual,3125.25,12.0,0.0
CUST-12043,49.0,Male,3.0,14.0,2.0,0.0,Basic,Annual,521.91,18.0,0.0
CUST-12044,61.0,Female,9.0,16.0,4.0,9.0,Basic,Annual,811.83,17.0,0.0
CUST-12045,35.0,Male,53.0,14.0,4.0,24.0,Standard,Annual,6930.06,8.0,0.0
CUST-12046,23.0,Male,18.0,16.0,3.0,5.0,Basic,Quarterly,2691.2,26.0,0.0
CUST-12047,35.0,Male,43.0,24.0,0.0,1.0,Standard,Monthly,3214.27,20.0,0.0
CUST-12048,36.0,Male,35.0,20.0,5.0,12.0,Premium,Quarterly,3429.92,11.0,1.0
CUST-12049,39.0,Female,57.0,29.0,1.0,13.0,Premium,Monthly,4191.86,27.0,0.0
CUST-12050,54.0,Female,55.0,28.0,1.0,9.0,Basic,Monthly,8088.27,7.0,0.0
CUST-12051,49.0,Female,34.0,8.0,1.0,6.0,Standard,Monthly,2010.84,14.0,0.0
CUST-12052,58.0,Female,41.0,24.0,5.0,14.0,Basic,Monthly,4934.44,10.0,1.0
CUST-12053,20.0,Female,14.0,3.0,2.0,1.0,Basic,Quarterly,2279.57,15.0,0.0
CUST-12054,45.0,Male,4.0,25.0,1.0,18.0,Basic,Monthly,607.84,12.0,1.0
CUST-12055,27.0,Male,29.0,19.0,0.0,20.0,Basic,Monthly,3446.97,20.0,0.0
CUST-12056,52.0,Female,41.0,1.0,1.0,14.0,Standard,Quarterly,2622.96,17.0,0.0
CUST-12057,46.0,Male,45.0,2.0,2.0,2.0,Premium,Quarterly,6264.44,8.0,0.0
CUST-12058,32.0,Female,50.0,15.0,3.0,13.0,Premium,Quarterly,4328.42,26.0,1.0
CUST-12059,50.0,Male,15.0,22.0,1.0,4.0,Basic,Monthly,2526.96,14.0,0.0
CUST-12060,24.0,Male,28.0,28.0,0.0,6.0,Standard,Monthly,4221.3,25.0,0.0
CUST-12061,29.0,Male,42.0,10.0,8.0,12.0,Basic,Quarterly,5589.79,26.0,1.0
CUST-12062,66.0,Male,16.0,18.0,5.0,0.0,Standard,Quarterly,2004.85,15.0,0.0
CUST-12063,47.0,Male,12.0,22.0,2.0,3.0,Basic,Monthly,1646.33,25.0,0.0
CUST-12064,38.0,Female,52.0,14.0,2.0,11.0,Premium,Annual,3435.72,25.0,0.0
CUST-12065,48.0,Male,5.0,17.0,3.0,11.0,Premium,Monthly,886.49,28.0,0.0
CUST-12066,41.0,Female,34.0,27.0,0.0,13.0,Basic,Monthly,2041.3,28.0,0.0
CUST-12067,37.0,Male,42.0,13.0,1.0,1.0,Premium,Monthly,5092.95,27.0,0.0
CUST-12068,54.0,Male,1.0,1.0,3.0,8.0,Standard,Monthly,320.13,11.0,1.0
CUST-12069,21.0,Male,39.0,5.0,0.0,1.0,Standard,Annual,5907.0,12.0,0.0
CUST-12070,45.0,Female,32.0,26.0,4.0,10.0,Standard,Monthly,4181.33,20.0,1.0
CUST-12071,61.0,Male,26.0,13.0,2.0,1.0,Standard,Monthly,3470.49,16.0,0.0
CUST-12072,37.0,Female,17.0,27.0,3.0,9.0,Premium,Monthly,2563.93,25.0,1.0
CUST-12073,41.0,Male,48.0,25.0,2.0,4.0,Premium,Monthly,6987.81,27.0,0.0
CUST-12074,67.0,Female,59.0,14.0,0.0,30.0,Standard,Monthly,6316.37,20.0,0.0
CUST-12075,66.0,Male,27.0,24.0,3.0,6.0,Premium,Monthly,2088.67,18.0,1.0
CUST-12076,49.0,Female,24.0,3.0,3.0,7.0,Premium,Monthly,2725.52,10.0,0.0
CUST-12077,58.0,Female,35.0,15.0,3.0,3.0,Basic,Quarterly,4058.59,19.0,0.0
CUST-12078,53.0,Female,46.0,19.0,2.0,9.0,Basic,Quarterly,5487.09,18.0,0.0
CUST-12079,51.0,Male,42.0,17.0,3.0,4.0,Standard,Quarterly,6708.82,1.0,0.0
CUST-12080,53.0,Male,54.0,3.0,3.0,0.0,Premium,Quarterly,8061.11,27.0,0.0
CUST-12081,19.0,Male,39.0,16.0,3.0,6.0,Basic,Monthly,3913.03,22.0,0.0
CUST-12082,32.0,Female,26.0,14.0,4.0,12.0,Standard,Annual,1784.28,4.0,0.0
CUST-12083,51.0,Female,49.0,12.0,1.0,1.0,Basic,Monthly,3743.04,23.0,0.0
CUST-12084,53.0,Female,38.0,28.0,0.0,1.0,Premium,Monthly,2928.5,7.0,0.0
CUST-12085,23.0,Male,23.0,12.0,3.0,6.0,Premium,Quarterly,2185.81,26.0,0.0
CUST-12086,56.0,Male,22.0,29.0,4.0,11.0,Standard,Quarterly,3300.57,1.0,0.0
CUST-12087,59.0,Male,4.0,11.0,3.0,2.0,Standard,Monthly,716.12,28.0,1.0
CUST-12088,29.0,Female,49.0,17.0,2.0,18.0,Premium,Monthly,5476.65,29.0,1.0
CUST-12089,20.0,Female,59.0,8.0,2.0,18.0,Basic,Monthly,4413.95,25.0,0.0
CUST-12090,62.0,Female,9.0,17.0,2.0,1.0,Premium,Annual,995.89,8.0,0.0
CUST-12091,35.0,Male,4.0,21.0,2.0,2.0,Basic,Monthly,922.58,26.0,1.0
CUST-12092,57.0,Female,7.0,25.0,1.0,8.0,Standard,Quarterly,1006.77,17.0,1.0
CUST-12093,38.0,Female,23.0,23.0,1.0,21.0,Standard,Monthly,1808.77,29.0,0.0
CUST-12094,32.0,Male,2.0,20.0,1.0,8.0,Standard,Monthly,463.73,8.0,0.0
CUST-12095,50.0,Female,49.0,11.0,2.0,4.0,Premium,Monthly,4199.7,5.0,0.0
CUST-12096,52.0,Female,24.0,25.0,3.0,1.0,Premium,Monthly,3082.36,1.0,0.0
CUST-12097,43.0,Female,40.0,25.0,3.0,4.0,Premium,Monthly,2676.52,15.0,0.0
CUST-12098,25.0,Female,55.0,2.0,2.0,6.0,Basic,Quarterly,6772.71,4.0,0.0
CUST-12099,53.0,Male,31.0,10.0,1.0,2.0,Basic,Monthly,2121.15,7.0,0.0
CUST-12100,65.0,Male,47.0,10.0,1.0,4.0,Standard,Quarterly,5293.79,14.0,0.0
CUST-12101,47.0,Female,31.0,11.0,3.0,0.0,Premium,Monthly,3747.0,12.0,1.0
CUST-12102,40.0,Male,47.0,28.0,3.0,4.0,Standard,Annual,3746.76,21.0,0.0
CUST-12103,59.0,Female,40.0,6.0,3.0,0.0,Premium,Annual,5921.68,27.0,0.0
CUST-12104,61.0,Female,48.0,4.0,1.0,0.0,Premium,Monthly,3095.37,3.0,0.0
CUST-12105,31.0,Female,51.0,24.0,5.0,13.0,Standard,Annual,7317.59,28.0,0.0
CUST-12106,31.0,Female,43.0,12.0,5.0,1.0,Premium,Monthly,4138.29,27.0,0.0
CUST-12107,19.0,Male,34.0,11.0,1.0,5.0,Premium,Quarterly,4278.07,20.0,0.0
CUST-12108,54.0,Male,55.0,23.0,1.0,1.0,Premium,Monthly,6482.38,18.0,0.0
CUST-12109,22.0,Male,24.0,23.0,3.0,2.0,Standard,Quarterly,1732.92,8.0,0.0
CUST-12110,55.0,Male,49.0,27.0,2.0,3.0,Premium,Quarterly,4258.76,28.0,0.0
CUST-12111,62.0,Male,26.0,26.0,2.0,1.0,Basic,Monthly,2966.94,2.0,0.0
CUST-12112,58.0,Male,16.0,25.0,5.0,0.0,Standard,Quarterly,2209.25,29.0,0.0
CUST-12113,64.0,Female,57.0,13.0,4.0,14.0,Basic,Quarterly,8717.52,27.0,1.0
CUST-12114,31.0,Female,47.0,5.0,1.0,0.0,Basic,Quarterly,2727.5,6.0,0.0
CUST-12115,56.0,Male,13.0,6.0,2.0,0.0,Premium,Annual,1229.07,7.0,0.0
CUST-12116,42.0,Male,15.0,1.0,3.0,11.0,Standard,Annual,1832.5,7.0,0.0
CUST-12117,37.0,Female,27.0,6.0,1.0,2.0,Basic,Annual,2853.31,13.0,0.0
CUST-12118,19.0,Male,4.0,18.0,3.0,8.0,Basic,Annual,743.15,1.0,0.0
CUST-12119,56.0,Male,16.0,22.0,1.0,1.0,Premium,Monthly,1101.83,8.0,0.0
CUST-12120,23.0,Male,30.0,9.0,2.0,1.0,Premium,Monthly,3250.33,25.0,0.0
CUST-12121,34.0,Female,44.0,24.0,1.0,5.0,Basic,Monthly,5599.07,23.0,0.0
CUST-12122,42.0,Male,30.0,25.0,3.0,31.0,Premium,Annual,2577.3,13.0,1.0
CUST-12123,45.0,Female,36.0,29.0,4.0,0.0,Basic,Monthly,4610.99,24.0,0.0
CUST-12124,19.0,Male,3.0,15.0,8.0,3.0,Standard,Monthly,362.32,20.0,1.0
CUST-12125,52.0,Female,22.0,26.0,3.0,0.0,Standard,Monthly,2586.64,28.0,0.0
CUST-12126,54.0,Male,49.0,8.0,2.0,1.0,Premium,Monthly,6120.13,24.0,0.0
CUST-12127,22.0,Male,22.0,19.0,3.0,16.0,Premium,Monthly,1874.09,19.0,1.0
CUST-12128,18.0,Female,50.0,24.0,3.0,0.0,Basic,Quarterly,3067.32,29.0,0.0
CUST-12129,57.0,Female,57.0,16.0,2.0,13.0,Standard,Monthly,8550.61,17.0,0.0
CUST-12130,29.0,Female,50.0,6.0,4.0,1.0,Basic,Quarterly,7398.93,13.0,0.0
CUST-12131,53.0,Female,55.0,29.0,3.0,13.0,Standard,Annual,8299.13,29.0,0.0
CUST-12132,62.0,Female,49.0,6.0,2.0,5.0,Standard,Quarterly,7383.9,16.0,0.0
CUST-12133,40.0,Female,12.0,22.0,2.0,14.0,Basic,Monthly,909.62,24.0,1.0
CUST-12134,64.0,Female,55.0,3.0,2.0,1.0,Standard,Annual,3850.36,15.0,0.0
CUST-12135,48.0,Male,21.0,10.0,3.0,10.0,Basic,Quarterly,1282.31,11.0,0.0
CUST-12136,28.0,Male,56.0,1.0,5.0,7.0,Standard,Monthly,8103.42,12.0,1.0
CUST-12137,27.0,Male,4.0,28.0,3.0,5.0,Premium,Quarterly,865.75,22.0,0.0
CUST-12138,20.0,Female,31.0,14.0,1.0,11.0,Standard,Quarterly,3702.94,25.0,0.0
CUST-12139,31.0,Male,44.0,4.0,1.0,7.0,Premium,Monthly,6640.23,3.0,0.0
CUST-12140,33.0,Male,31.0,26.0,5.0,14.0,Basic,Monthly,3537.15,24.0,1.0
CUST-12141,27.0,Female,58.0,12.0,0.0,3.0,Standard,Quarterly,3988.17,25.0,0.0
CUST-12142,46.0,Female,23.0,6.0,2.0,6.0,Standard,Quarterly,1891.67,9.0,0.0
CUST-12143,27.0,Female,54.0,11.0,0.0,14.0,Basic,Monthly,3588.97,28.0,0.0
CUST-12144,29.0,Male,53.0,12.0,3.0,1.0,Basic,Quarterly,4616.66,14.0,0.0
CUST-12145,47.0,Female,20.0,10.0,0.0,4.0,Premium,Monthly,1980.42,7.0,0.0
CUST-12146,58.0,Male,15.0,18.0,1.0,22.0,Standard,Quarterly,2146.66,28.0,0.0
CUST-12147,18.0,Male,23.0,7.0,4.0,4.0,Standard,Monthly,1770.06,11.0,1.0
CUST-12148,22.0,Male,28.0,7.0,6.0,2.0,Standard,Monthly,3636.56,10.0,0.0
CUST-12149,37.0,Male,16.0,11.0,0.0,3.0,Premium,Annual,1990.0,3.0,0.0
CUST-12150,25.0,Male,37.0,4.0,3.0,15.0,Basic,Quarterly,5709.07,19.0,1.0
CUST-12151,60.0,Female,21.0,20.0,5.0,21.0,Premium,Monthly,3037.72,2.0,1.0
CUST-12152,29.0,Male,15.0,1.0,2.0,20.0,Basic,Monthly,2658.71,17.0,1.0
CUST-12153,18.0,Female,17.0,13.0,4.0,8.0,Standard,Quarterly,1639.69,29.0,0.0
CUST-12154,37.0,Female,50.0,18.0,4.0,4.0,Basic,Annual,3178.53,2.0,0.0
CUST-12155,45.0,Male,37.0,9.0,4.0,1.0,Premium,Quarterly,3782.89,21.0,1.0
CUST-12156,60.0,Female,13.0,26.0,5.0,0.0,Standard,Quarterly,924.29,16.0,1.0
CUST-12157,54.0,Male,19.0,24.0,3.0,0.0,Standard,Annual,1985.18,17.0,0.0
CUST-12158,64.0,Female,30.0,24.0,0.0,0.0,Basic,Quarterly,2696.46,10.0,0.0
CUST-12159,54.0,Male,45.0,9.0,3.0,14.0,Standard,Monthly,4642.4,4.0,1.0
CUST-12160,29.0,Male,18.0,23.0,0.0,11.0,Basic,Quarterly,2952.97,11.0,1.0
CUST-12161,54.0,Male,14.0,29.0,0.0,5.0,Standard,Monthly,1173.75,26.0,0.0
CUST-12162,66.0,Female,36.0,9.0,4.0,46.0,Premium,Quarterly,5559.45,26.0,1.0
CUST-12163,66.0,Female,36.0,10.0,3.0,21.0,Premium,Monthly,2780.95,17.0,1.0
CUST-12164,61.0,Male,20.0,28.0,2.0,7.0,Basic,Monthly,1590.81,28.0,1.0
CUST-12165,45.0,Female,52.0,2.0,2.0,4.0,Premium,Monthly,5568.72,26.0,0.0
CUST-12166,64.0,Female,19.0,6.0,1.0,1.0,Premium,Monthly,2877.95,24.0,0.0
CUST-12167,32.0,Female,45.0,15.0,2.0,5.0,Standard,Monthly,5970.97,12.0,0.0
CUST-12168,23.0,Female,44.0,3.0,2.0,1.0,Standard,Quarterly,5500.37,21.0,0.0
CUST-12169,61.0,Female,7.0,11.0,4.0,3.0,Premium,Monthly,931.36,10.0,0.0
CUST-12170,37.0,Female,57.0,6.0,4.0,20.0,Standard,Quarterly,3140.87,16.0,0.0
CUST-12171,67.0,Female,44.0,3.0,1.0,2.0,Standard,Quarterly,3089.01,4.0,0.0
CUST-12172,31.0,Male,53.0,24.0,1.0,1.0,Standard,Quarterly,4925.17,3.0,0.0
CUST-12173,19.0,Male,4.0,11.0,3.0,6.0,Basic,Quarterly,1044.2,9.0,0.0
CUST-12174,26.0,Male,59.0,15.0,3.0,6.0,Premium,Monthly,8797.83,6.0,0.0
CUST-12175,54.0,Female,34.0,13.0,1.0,1.0,Standard,Monthly,2498.68,12.0,0.0
CUST-12176,37.0,Female,2.0,20.0,0.0,1.0,Standard,Annual,744.79,1.0,0.0
CUST-12177,43.0,Male,5.0,28.0,3.0,31.0,Basic,Quarterly,891.98,14.0,1.0
CUST-12178,46.0,Female,55.0,10.0,2.0,1.0,Basic,Quarterly,3303.94,24.0,0.0
CUST-12179,18.0,Male,10.0,6.0,1.0,12.0,Standard,Quarterly,1351.38,10.0,0.0
CUST-12180,52.0,Male,32.0,15.0,3.0,4.0,Standard,Monthly,3573.26,18.0,0.0
CUST-12181,23.0,Female,42.0,25.0,3.0,3.0,Premium,Quarterly,5265.1,13.0,0.0
CUST-12182,54.0,Male,41.0,18.0,0.0,2.0,Basic,Monthly,3686.39,9.0,0.0
CUST-12183,22.0,Male,13.0,18.0,2.0,10.0,Basic,Annual,2087.42,27.0,1.0
CUST-12184,50.0,Female,39.0,7.0,2.0,14.0,Standard,Monthly,4070.33,23.0,0.0
CUST-12185,66.0,Female,5.0,15.0,2.0,2.0,Standard,Quarterly,510.03,19.0,0.0
CUST-12186,31.0,Male,58.0,18.0,1.0,0.0,Basic,Monthly,5229.88,4.0,0.0
CUST-12187,29.0,Female,10.0,18.0,4.0,1.0,Basic,Annual,1566.93,3.0,0.0
CUST-12188,59.0,Female,10.0,20.0,6.0,11.0,Premium,Annual,1556.69,6.0,0.0
CUST-12189,37.0,Male,38.0,9.0,1.0,4.0,Basic,Monthly,4953.58,9.0,0.0
CUST-12190,67.0,Male,27.0,24.0,3.0,0.0,Premium,Monthly,2530.69,10.0,0.0
CUST-12191,41.0,Female,51.0,2.0,3.0,2.0,Basic,Monthly,4441.25,9.0,0.0
CUST-12192,60.0,Male,21.0,8.0,2.0,5.0,Standard,Quarterly,2198.61,17.0,0.0
CUST-12193,51.0,Female,8.0,20.0,6.0,13.0,Basic,Monthly,951.04,10.0,1.0
CUST-12194,42.0,Female,1.0,2.0,2.0,7.0,Premium,Quarterly,221.52,6.0,1.0
CUST-12195,67.0,Female,28.0,11.0,3.0,1.0,Basic,Monthly,2532.73,16.0,0.0
CUST-12196,46.0,Male,49.0,26.0,2.0,1.0,Basic,Quarterly,4343.78,17.0,0.0
CUST-12197,56.0,Female,39.0,7.0,3.0,3.0,Basic,Quarterly,3200.82,11.0,0.0
CUST-12198,48.0,Male,14.0,6.0,4.0,0.0,Premium,Quarterly,1523.08,20.0,0.0
CUST-12199,64.0,Male,21.0,10.0,1.0,9.0,Premium,Quarterly,2847.9,7.0,1.0
CUST-12200,60.0,Male,30.0,5.0,2.0,3.0,Basic,Monthly,4159.33,4.0,0.0
CUST-12201,67.0,Male,21.0,11.0,4.0,2.0,Basic,Quarterly,3171.47,25.0,0.0
CUST-12202,40.0,Female,49.0,1.0,3.0,4.0,Premium,Quarterly,5959.51,10.0,0.0
CUST-12203,61.0,Male,9.0,2.0,0.0,8.0,Premium,Quarterly,1067.46,21.0,0.0
CUST-12204,55.0,Male,17.0,24.0,4.0,5.0,Standard,Monthly,2162.75,14.0,1.0
CUST-12205,37.0,Female,5.0,1.0,3.0,11.0,Premium,Quarterly,673.49,25.0,1.0
CUST-12206,40.0,Male,58.0,19.0,0.0,6.0,Basic,Annual,7818.66,17.0,0.0
CUST-12207,62.0,Female,57.0,2.0,2.0,10.0,Basic,Annual,7688.45,29.0,0.0
CUST-12208,33.0,Male,31.0,21.0,3.0,8.0,Basic,Quarterly,3873.81,28.0,0.0
CUST-12209,67.0,Female,52.0,20.0,3.0,1.0,Standard,Monthly,3177.79,14.0,0.0
CUST-12210,59.0,Female,40.0,29.0,3.0,0.0,Standard,Monthly,6346.15,20.0,1.0
CUST-12211,25.0,Male,38.0,23.0,3.0,16.0,Basic,Monthly,5024.21,23.0,1.0
CUST-12212,67.0,Male,43.0,21.0,4.0,20.0,Basic,Monthly,5752.99,13.0,1.0
CUST-12213,38.0,Male,19.0,24.0,4.0,9.0,Standard,Monthly,1453.78,2.0,1.0
CUST-12214,18.0,Female,36.0,4.0,3.0,9.0,Basic,Monthly,3447.14,9.0,0.0
CUST-12215,25.0,Male,50.0,12.0,3.0,2.0,Basic,Annual,3306.7,3.0,0.0
CUST-12216,46.0,Male,33.0,22.0,6.0,5.0,Premium,Annual,3114.27,4.0,0.0
CUST-12217,49.0,Male,13.0,20.0,1.0,34.0,Basic,Annual,1531.38,12.0,1.0
CUST-12218,55.0,Male,14.0,18.0,4.0,13.0,Basic,Monthly,2169.37,15.0,1.0
CUST-12219,22.0,Male,56.0,1.0,1.0,2.0,Standard,Annual,4534.6,20.0,0.0
CUST-12220,64.0,Female,33.0,1.0,2.0,2.0,Premium,Monthly,3759.51,8.0,0.0
CUST-12221,39.0,Male,29.0,24.0,4.0,4.0,Standard,Quarterly,2088.55,18.0,0.0
CUST-12222,64.0,Male,43.0,14.0,1.0,3.0,Basic,Quarterly,3816.33,5.0,0.0
CUST-12223,51.0,Female,49.0,4.0,1.0,3.0,Premium,Monthly,7143.42,2.0,0.0
CUST-12224,18.0,Female,36.0,5.0,1.0,6.0,Standard,Annual,4894.27,28.0,0.0
CUST-12225,43.0,Male,58.0,11.0,1.0,0.0,Basic,Monthly,6150.32,22.0,0.0
CUST-12226,60.0,Male,44.0,24.0,3.0,10.0,Standard,Quarterly,3559.54,9.0,0.0
CUST-12227,27.0,Male,10.0,28.0,2.0,9.0,Standard,Monthly,1117.75,28.0,0.0
CUST-12228,47.0,Female,31.0,23.0,6.0,12.0,Standard,Annual,2167.38,25.0,1.0
CUST-12229,67.0,Male,6.0,13.0,1.0,12.0,Premium,Monthly,997.17,14.0,0.0
CUST-12230,35.0,Female,57.0,16.0,1.0,5.0,Standard,Quarterly,4030.29,1.0,0.0
CUST-12231,34.0,Female,1.0,24.0,2.0,10.0,Premium,Quarterly,545.61,20.0,0.0
CUST-12232,43.0,Female,7.0,13.0,2.0,4.0,Standard,Quarterly,679.79,4.0,0.0
CUST-12233,25.0,Male,58.0,24.0,3.0,21.0,Basic,Quarterly,4373.82,17.0,0.0
CUST-12234,64.0,Male,27.0,22.0,0.0,1.0,Standard,Monthly,3702.55,10.0,0.0
CUST-12235,57.0,Male,21.0,26.0,3.0,17.0,Basic,Quarterly,3152.07,2.0,1.0
CUST-12236,66.0,Male,28.0,2.0,0.0,2.0,Basic,Annual,4377.78,6.0,0.0
CUST-12237,29.0,Female,16.0,16.0,1.0,0.0,Premium,Annual,2419.18,26.0,0.0
CUST-12238,44.0,Female,56.0,6.0,4.0,4.0,Standard,Monthly,4480.64,19.0,0.0
CUST-12239,25.0,Female,46.0,14.0,2.0,6.0,Basic,Monthly,3769.17,9.0,0.0
CUST-12240,42.0,Female,23.0,1.0,1.0,1.0,Standard,Monthly,3506.62,19.0,0.0
CUST-12241,63.0,Male,52.0,17.0,2.0,5.0,Basic,Quarterly,7336.73,19.0,0.0
CUST-12242,21.0,Male,20.0,11.0,3.0,11.0,Premium,Monthly,2748.49,9.0,1.0
CUST-12243,50.0,Male,38.0,19.0,2.0,2.0,Basic,Quarterly,3407.51,3.0,0.0
CUST-12244,18.0,Female,54.0,3.0,2.0,6.0,Standard,Annual,4346.64,6.0,0.0
CUST-12245,36.0,Female,25.0,11.0,4.0,2.0,Standard,Monthly,3833.57,6.0,0.0
CUST-12246,48.0,Female,28.0,29.0,3.0,5.0,Standard,Monthly,2275.41,17.0,0.0
CUST-12247,33.0,Male,5.0,5.0,2.0,7.0,Basic,Annual,937.81,13.0,0.0
CUST-12248,31.0,Male,56.0,17.0,2.0,3.0,Standard,Monthly,8584.96,13.0,0.0
CUST-12249,65.0,Female,21.0,26.0,0.0,36.0,Premium,Monthly,2788.33,7.0,1.0
CUST-12250,22.0,Male,18.0,22.0,3.0,5.0,Premium,Monthly,1609.48,9.0,0.0
CUST-12251,58.0,Female,47.0,7.0,3.0,12.0,Standard,Monthly,3811.56,25.0,0.0
CUST-12252,43.0,Female,6.0,10.0,1.0,9.0,Standard,Quarterly,578.5,25.0,0.0
CUST-12253,45.0,Female,57.0,28.0,4.0,13.0,Basic,Monthly,7257.39,18.0,0.0
CUST-12254,19.0,Male,29.0,29.0,1.0,1.0,Basic,Monthly,3124.9,1.0,1.0
CUST-12255,67.0,Male,19.0,11.0,1.0,1.0,Premium,Quarterly,1735.39,22.0,0.0
CUST-12256,23.0,Male,33.0,3.0,2.0,4.0,Premium,Monthly,2478.01,22.0,1.0
CUST-12257,26.0,Male,1.0,20.0,1.0,13.0,Standard,Monthly,311.26,20.0,1.0
CUST-12258,50.0,Male,45.0,10.0,4.0,1.0,Standard,Quarterly,6729.17,13.0,0.0
CUST-12259,58.0,Female,3.0,27.0,0.0,24.0,Basic,Annual,662.52,8.0,1.0
CUST-12260,42.0,Female,42.0,10.0,3.0,0.0,Basic,Monthly,3817.91,21.0,0.0
CUST-12261,65.0,Male,21.0,14.0,4.0,1.0,Standard,Monthly,3362.77,23.0,0.0
CUST-12262,30.0,Male,35.0,12.0,1.0,1.0,Premium,Quarterly,4433.85,9.0,0.0
CUST-12263,26.0,Male,41.0,15.0,3.0,6.0,Standard,Quarterly,5540.03,29.0,0.0
CUST-12264,30.0,Male,40.0,10.0,3.0,17.0,Basic,Monthly,5032.3,1.0,1.0
CUST-12265,48.0,Female,3.0,10.0,3.0,2.0,Basic,Monthly,843.75,9.0,0.0
CUST-12266,58.0,Male,25.0,26.0,5.0,5.0,Basic,Monthly,2079.74,29.0,1.0
CUST-12267,28.0,Male,45.0,19.0,0.0,1.0,Standard,Quarterly,4890.49,29.0,0.0
CUST-12268,21.0,Male,38.0,1.0,5.0,6.0,Premium,Monthly,5297.09,20.0,1.0
CUST-12269,51.0,Female,45.0,24.0,3.0,0.0,Premium,Annual,2399.75,23.0,0.0
CUST-12270,55.0,Female,55.0,29.0,1.0,4.0,Premium,Quarterly,3652.7,11.0,0.0
CUST-12271,63.0,Male,20.0,26.0,1.0,7.0,Standard,Quarterly,1770.57,20.0,1.0
CUST-12272,21.0,Female,52.0,10.0,3.0,6.0,Standard,Annual,4608.25,4.0,0.0
CUST-12273,55.0,Female,44.0,2.0,2.0,1.0,Premium,Monthly,3288.92,29.0,0.0
CUST-12274,36.0,Female,45.0,17.0,1.0,1.0,Standard,Quarterly,5460.95,16.0,0.0
CUST-12275,23.0,Male,34.0,24.0,3.0,7.0,Premium,Monthly,2870.28,14.0,0.0
CUST-12276,51.0,Female,21.0,7.0,7.0,11.0,Premium,Monthly,1500.93,20.0,1.0
CUST-12277,35.0,Female,56.0,7.0,2.0,16.0,Basic,Monthly,8287.5,22.0,0.0
CUST-12278,30.0,Female,55.0,20.0,3.0,11.0,Standard,Monthly,6734.03,21.0,1.0
CUST-12279,58.0,Female,48.0,27.0,2.0,25.0,Basic,Annual,4023.18,18.0,1.0
CUST-12280,40.0,Female,23.0,9.0,4.0,3.0,Basic,Quarterly,2106.63,25.0,0.0
CUST-12281,36.0,Male,6.0,22.0,2.0,2.0,Basic,Annual,1177.69,27.0,0.0
CUST-12282,62.0,Female,51.0,2.0,6.0,0.0,Premium,Monthly,6981.42,22.0,1.0
CUST-12283,28.0,Female,53.0,14.0,6.0,4.0,Premium,Quarterly,3910.16,26.0,0.0
CUST-12284,18.0,Female,13.0,17.0,5.0,7.0,Basic,Monthly,2300.15,22.0,1.0
CUST-12285,41.0,Male,49.0,1.0,3.0,11.0,Basic,Monthly,6496.65,9.0,0.0
CUST-12286,24.0,Female,23.0,9.0,3.0,2.0,Standard,Quarterly,3245.39,1.0,0.0
CUST-12287,42.0,Female,9.0,20.0,2.0,5.0,Standard,Monthly,700.14,23.0,0.0
CUST-12288,38.0,Male,17.0,21.0,3.0,7.0,Standard,Quarterly,1265.39,3.0,1.0
CUST-12289,32.0,Female,2.0,19.0,0.0,5.0,Standard,Monthly,411.88,20.0,0.0
CUST-12290,18.0,Female,19.0,4.0,1.0,2.0,Standard,Monthly,1517.04,1.0,0.0
CUST-12291,29.0,Female,19.0,28.0,2.0,11.0,Basic,Quarterly,1213.32,3.0,0.0
CUST-12292,24.0,Male,56.0,8.0,1.0,1.0,Standard,Annual,4063.82,14.0,0.0
CUST-12293,32.0,Male,7.0,13.0,4.0,16.0,Basic,Monthly,1315.17,14.0,1.0
CUST-12294,38.0,Female,54.0,4.0,3.0,21.0,Basic,Quarterly,3240.5,23.0,0.0
CUST-12295,36.0,Male,42.0,9.0,3.0,3.0,Basic,Quarterly,2904.76,22.0,0.0
CUST-12296,46.0,Female,42.0,9.0,4.0,3.0,Standard,Monthly,6462.06,13.0,1.0
CUST-12297,42.0,Male,59.0,22.0,2.0,9.0,Premium,Quarterly,3731.31,1.0,0.0
CUST-12298,50.0,Female,20.0,18.0,7.0,4.0,Standard,Monthly,2395.26,15.0,1.0
CUST-12299,66.0,Male,9.0,12.0,2.0,0.0,Standard,Monthly,1361.02,25.0,1.0
CUST-12300,49.0,Female,17.0,10.0,2.0,17.0,Standard,Monthly,2586.71,20.0,1.0
CUST-12301,66.0,Male,27.0,11.0,1.0,3.0,Basic,Annual,3916.34,7.0,0.0
CUST-12302,52.0,Male,47.0,7.0,4.0,1.0,Basic,Monthly,4706.72,16.0,0.0
CUST-12303,61.0,Male,2.0,9.0,2.0,5.0,Premium,Monthly,390.29,20.0,0.0
CUST-12304,55.0,Male,36.0,6.0,2.0,1.0,Basic,Monthly,3840.4,23.0,1.0
CUST-12305,43.0,Female,19.0,19.0,1.0,1.0,Standard,Monthly,2501.05,21.0,0.0
CUST-12306,28.0,Female,17.0,16.0,1.0,5.0,Basic,Monthly,1512.37,1.0,0.0
CUST-12307,52.0,Male,5.0,15.0,4.0,3.0,Premium,Monthly,689.22,15.0,1.0
CUST-12308,25.0,Female,39.0,7.0,2.0,5.0,Premium,Monthly,4286.38,20.0,0.0
CUST-12309,63.0,Male,18.0,16.0,3.0,40.0,Basic,Monthly,2178.39,15.0,1.0
CUST-12310,31.0,Female,53.0,5.0,0.0,13.0,Standard,Annual,6357.62,19.0,1.0
CUST-12311,27.0,Female,54.0,16.0,3.0,0.0,Basic,Quarterly,4121.81,6.0,0.0
CUST-12312,19.0,Female,59.0,1.0,0.0,0.0,Standard,Monthly,4896.69,6.0,0.0
CUST-12313,63.0,Male,7.0,19.0,2.0,6.0,Basic,Monthly,1226.08,1.0,1.0
CUST-12314,26.0,Female,17.0,5.0,2.0,6.0,Basic,Monthly,1219.6,16.0,0.0
CUST-12315,20.0,Male,39.0,7.0,2.0,14.0,Basic,Quarterly,3753.46,27.0,0.0
CUST-12316,38.0,Female,36.0,19.0,2.0,6.0,Premium,Monthly,4515.16,18.0,1.0
CUST-12317,43.0,Male,40.0,22.0,2.0,1.0,Premium,Monthly,6096.2,13.0,0.0
CUST-12318,25.0,Female,45.0,5.0,2.0,4.0,Basic,Monthly,2990.65,12.0,0.0
CUST-12319,65.0,Female,4.0,29.0,1.0,11.0,Standard,Monthly,729.29,18.0,0.0
CUST-12320,19.0,Female,38.0,17.0,1.0,17.0,Basic,Annual,2293.15,28.0,0.0
CUST-12321,23.0,Male,25.0,26.0,2.0,1.0,Basic,Monthly,2441.14,10.0,0.0
CUST-12322,45.0,Female,5.0,22.0,1.0,5.0,Premium,Monthly,505.61,14.0,0.0
CUST-12323,46.0,Male,30.0,8.0,4.0,1.0,Basic,Quarterly,3717.34,20.0,0.0
CUST-12324,43.0,Female,12.0,29.0,2.0,4.0,Standard,Quarterly,1741.35,29.0,0.0
CUST-12325,42.0,Male,4.0,29.0,4.0,0.0,Standard,Monthly,720.88,25.0,1.0
CUST-12326,29.0,Male,24.0,1.0,2.0,19.0,Basic,Monthly,3072.1,11.0,0.0
CUST-12327,22.0,Female,29.0,2.0,1.0,7.0,Standard,Monthly,2886.36,18.0,1.0
CUST-12328,51.0,Male,9.0,15.0,2.0,13.0,Premium,Monthly,1186.36,27.0,0.0
CUST-12329,65.0,Male,4.0,20.0,7.0,44.0,Premium,Monthly,886.64,24.0,1.0
CUST-12330,54.0,Male,51.0,28.0,1.0,1.0,Basic,Monthly,4983.27,27.0,0.0
CUST-12331,32.0,Male,24.0,18.0,7.0,8.0,Premium,Quarterly,2057.76,12.0,0.0
CUST-12332,61.0,Female,14.0,11.0,1.0,15.0,Premium,Annual,1860.5,17.0,0.0
CUST-12333,53.0,Female,5.0,25.0,4.0,6.0,Basic,Quarterly,1094.84,28.0,0.0
CUST-12334,32.0,Male,18.0,10.0,2.0,7.0,Basic,Monthly,2455.86,24.0,0.0
CUST-12335,60.0,Male,42.0,24.0,2.0,3.0,Basic,Quarterly,3825.02,3.0,0.0
CUST-12336,65.0,Male,57.0,24.0,3.0,7.0,Basic,Quarterly,3953.34,21.0,0.0
CUST-12337,40.0,Male,19.0,4.0,5.0,3.0,Standard,Annual,2890.82,1.0,0.0
CUST-12338,23.0,Female,12.0,5.0,5.0,4.0,Basic,Quarterly,1093.36,1.0,1.0
CUST-12339,63.0,Female,18.0,4.0,1.0,0.0,Basic,Quarterly,2646.75,6.0,0.0
CUST-12340,67.0,Male,17.0,13.0,3.0,0.0,Basic,Monthly,2315.88,19.0,0.0
CUST-12341,61.0,Male,30.0,25.0,2.0,0.0,Standard,Monthly,3904.16,24.0,0.0
CUST-12342,60.0,Male,24.0,13.0,4.0,1.0,Standard,Monthly,2381.05,4.0,1.0
CUST-12343,62.0,Female,11.0,18.0,3.0,4.0,Standard,Monthly,1802.45,22.0,0.0
CUST-12344,38.0,Female,35.0,29.0,0.0,0.0,Basic,Monthly,4555.94,13.0,0.0
CUST-12345,40.0,Male,23.0,27.0,2.0,1.0,Standard,Monthly,2959.31,26.0,1.0
CUST-12346,60.0,Male,17.0,24.0,3.0,10.0,Basic,Quarterly,2171.8,12.0,0.0
CUST-12347,33.0,Female,1.0,2.0,3.0,10.0,Premium,Annual,530.47,25.0,0.0
CUST-12348,64.0,Female,15.0,16.0,5.0,10.0,Basic,Monthly,1697.29,8.0,1.0
CUST-12349,32.0,Male,32.0,1.0,0.0,17.0,Basic,Monthly,4653.87,20.0,0.0
CUST-12350,42.0,Male,9.0,26.0,6.0,0.0,Basic,Annual,977.81,26.0,0.0
CUST-12351,53.0,Male,15.0,19.0,2.0,1.0,Basic,Annual,1826.66,24.0,0.0
CUST-12352,28.0,Female,28.0,9.0,2.0,2.0,Basic,Monthly,2665.76,7.0,1.0
CUST-12353,32.0,Male,24.0,28.0,3.0,17.0,Standard,Monthly,2192.69,21.0,1.0
CUST-12354,21.0,Male,35.0,3.0,4.0,10.0,Premium,Monthly,3952.15,7.0,0.0
CUST-12355,38.0,Female,22.0,25.0,0.0,2.0,Basic,Monthly,3417.78,7.0,0.0
CUST-12356,30.0,Male,27.0,7.0,4.0,0.0,Standard,Annual,2252.97,14.0,0.0
CUST-12357,39.0,Female,19.0,29.0,2.0,6.0,Standard,Quarterly,2629.98,29.0,0.0
CUST-12358,36.0,Male,45.0,10.0,4.0,2.0,Basic,Monthly,6076.75,26.0,0.0
CUST-12359,51.0,Male,12.0,1.0,1.0,5.0,Basic,Annual,1487.27,18.0,0.0
CUST-12360,31.0,Female,20.0,10.0,2.0,19.0,Basic,Quarterly,1371.73,23.0,1.0
CUST-12361,21.0,Male,1.0,21.0,2.0,5.0,Premium,Annual,508.12,19.0,0.0
CUST-12362,65.0,Female,21.0,9.0,0.0,18.0,Premium,Annual,3273.74,24.0,0.0
CUST-12363,63.0,Female,49.0,28.0,1.0,3.0,Basic,Monthly,4544.41,24.0,0.0
CUST-12364,44.0,Male,45.0,15.0,3.0,7.0,Basic,Monthly,5625.62,25.0,0.0
CUST-12365,46.0,Female,1.0,15.0,3.0,15.0,Premium,Quarterly,636.79,27.0,1.0
CUST-12366,64.0,Male,10.0,3.0,1.0,6.0,Standard,Annual,1646.2,20.0,0.0
CUST-12367,45.0,Female,47.0,25.0,2.0,6.0,Premium,Annual,5803.89,26.0,0.0
CUST-12368,52.0,Male,59.0,5.0,1.0,8.0,Basic,Quarterly,8759.25,19.0,0.0
CUST-12369,25.0,Female,59.0,9.0,3.0,14.0,Premium,Monthly,4338.56,25.0,1.0
CUST-12370,33.0,Male,32.0,26.0,3.0,0.0,Premium,Monthly,4562.88,25.0,0.0
CUST-12371,59.0,Male,39.0,22.0,1.0,2.0,Basic,Quarterly,3617.25,18.0,0.0
CUST-12372,53.0,Female,22.0,9.0,3.0,3.0,Standard,Quarterly,1945.73,6.0,0.0
CUST-12373,47.0,Female,18.0,23.0,0.0,16.0,Basic,Quarterly,2261.51,16.0,0.0
CUST-12374,35.0,Male,48.0,7.0,2.0,21.0,Basic,Monthly,2658.02,3.0,1.0
CUST-12375,19.0,Male,46.0,24.0,4.0,0.0,Standard,Quarterly,3824.37,21.0,0.0
CUST-12376,66.0,Female,32.0,23.0,2.0,0.0,Basic,Annual,2591.54,2.0,0.0
CUST-12377,30.0,Female,27.0,12.0,3.0,19.0,Standard,Monthly,1810.27,15.0,1.0
CUST-12378,21.0,Male,28.0,25.0,3.0,2.0,Basic,Monthly,2445.86,20.0,0.0
CUST-12379,43.0,Male,18.0,27.0,2.0,1.0,Standard,Quarterly,2650.38,11.0,0.0
CUST-12380,42.0,Male,59.0,9.0,3.0,0.0,Basic,Annual,4527.12,19.0,0.0
CUST-12381,47.0,Female,39.0,6.0,1.0,2.0,Premium,Monthly,4252.33,18.0,0.0
CUST-12382,28.0,Male,49.0,23.0,1.0,8.0,Basic,Monthly,6357.68,22.0,0.0
CUST-12383,24.0,Male,29.0,2.0,2.0,3.0,Basic,Monthly,2483.5,11.0,0.0
CUST-12384,48.0,Female,18.0,9.0,4.0,5.0,Standard,Monthly,2841.01,3.0,0.0
CUST-12385,61.0,Male,44.0,28.0,5.0,17.0,Standard,Monthly,6070.97,4.0,1.0
CUST-12386,27.0,Female,8.0,29.0,4.0,0.0,Standard,Quarterly,702.06,6.0,0.0
CUST-12387,56.0,Male,54.0,17.0,2.0,0.0,Standard,Monthly,8355.77,12.0,0.0
CUST-12388,30.0,Male,31.0,1.0,2.0,13.0,Premium,Quarterly,4031.58,29.0,0.0
CUST-12389,48.0,Male,34.0,19.0,0.0,10.0,Basic,Monthly,3066.14,28.0,0.0
CUST-12390,24.0,Female,7.0,28.0,1.0,2.0,Premium,Monthly,1209.75,21.0,0.0
CUST-12391,66.0,Male,36.0,6.0,4.0,2.0,Standard,Quarterly,4595.57,4.0,0.0
CUST-12392,59.0,Female,18.0,5.0,2.0,2.0,Standard,Quarterly,2061.15,29.0,0.0
CUST-12393,59.0,Female,38.0,2.0,4.0,7.0,Standard,Monthly,5057.24,12.0,0.0
CUST-12394,53.0,Female,59.0,9.0,1.0,0.0,Premium,Annual,4983.24,4.0,0.0
CUST-12395,37.0,Male,9.0,29.0,4.0,4.0,Standard,Monthly,1620.45,2.0,1.0
CUST-12396,21.0,Male,59.0,26.0,5.0,1.0,Premium,Monthly,8173.45,12.0,1.0
CUST-12397,24.0,Male,9.0,14.0,3.0,11.0,Basic,Quarterly,1437.65,13.0,0.0
CUST-12398,18.0,Male,46.0,4.0,1.0,3.0,Standard,Annual,2722.05,26.0,0.0
CUST-12399,61.0,Male,8.0,4.0,2.0,5.0,Basic,Monthly,1022.64,29.0,0.0
CUST-12400,62.0,Female,51.0,21.0,1.0,0.0,Basic,Monthly,6474.48,16.0,0.0
CUST-12401,59.0,Male,35.0,15.0,2.0,0.0,Standard,Quarterly,5148.13,4.0,0.0
CUST-12402,64.0,Male,18.0,8.0,2.0,7.0,Standard,Monthly,3015.83,28.0,0.0
CUST-12403,30.0,Male,5.0,26.0,5.0,10.0,Basic,Quarterly,784.79,8.0,1.0
CUST-12404,39.0,Female,14.0,4.0,1.0,8.0,Basic,Monthly,1407.19,5.0,0.0
CUST-12405,38.0,Male,28.0,16.0,0.0,9.0,Standard,Annual,4260.9,14.0,0.0
CUST-12406,39.0,Female,30.0,21.0,2.0,0.0,Standard,Monthly,1939.17,15.0,0.0
CUST-12407,45.0,Male,4.0,28.0,3.0,8.0,Basic,Annual,625.14,11.0,0.0
CUST-12408,26.0,Female,39.0,4.0,2.0,1.0,Basic,Monthly,2762.52,10.0,0.0
CUST-12409,43.0,Female,20.0,16.0,3.0,0.0,Premium,Annual,2825.62,10.0,0.0
CUST-12410,26.0,Male,25.0,22.0,1.0,9.0,Premium,Monthly,3893.74,24.0,1.0
CUST-12411,32.0,Male,28.0,12.0,3.0,15.0,Basic,Monthly,2599.68,6.0,1.0
CUST-12412,27.0,Male,12.0,16.0,4.0,8.0,Basic,Monthly,1388.23,16.0,0.0
CUST-12413,41.0,Male,2.0,19.0,0.0,11.0,Basic,Annual,761.8,28.0,0.0
CUST-12414,59.0,Female,43.0,8.0,3.0,33.0,Premium,Monthly,4888.78,26.0,1.0
CUST-12415,25.0,Female,14.0,6.0,9.0,1.0,Premium,Monthly,1825.4,21.0,0.0
CUST-12416,41.0,Female,22.0,10.0,3.0,23.0,Basic,Monthly,2306.83,4.0,1.0
CUST-12417,33.0,Female,31.0,5.0,3.0,6.0,Premium,Annual,3813.76,26.0,0.0
CUST-12418,66.0,Male,23.0,29.0,2.0,11.0,Basic,Monthly,3449.53,9.0,1.0
CUST-12419,43.0,Male,48.0,18.0,5.0,7.0,Basic,Monthly,4429.77,10.0,0.0
CUST-12420,44.0,Female,20.0,10.0,1.0,5.0,Premium,Annual,1543.93,5.0,0.0
CUST-12421,54.0,Male,38.0,10.0,4.0,8.0,Premium,Annual,2976.68,10.0,0.0
CUST-12422,21.0,Female,55.0,7.0,0.0,2.0,Premium,Monthly,3318.15,16.0,0.0
CUST-12423,67.0,Male,4.0,18.0,6.0,18.0,Standard,Annual,750.88,11.0,1.0
CUST-12424,41.0,Male,15.0,1.0,2.0,0.0,Basic,Monthly,2289.62,6.0,0.0
CUST-12425,36.0,Female,24.0,7.0,1.0,2.0,Premium,Monthly,3380.28,7.0,0.0
CUST-12426,53.0,Male,25.0,21.0,2.0,0.0,Standard,Annual,4019.95,27.0,0.0
CUST-12427,56.0,Female,1.0,1.0,2.0,2.0,Basic,Quarterly,514.93,12.0,0.0
CUST-12428,27.0,Female,7.0,15.0,4.0,1.0,Standard,Monthly,1145.03,27.0,1.0
CUST-12429,42.0,Female,57.0,4.0,4.0,0.0,Premium,Monthly,6118.76,13.0,0.0
CUST-12430,35.0,Female,31.0,28.0,1.0,4.0,Premium,Monthly,3775.64,17.0,0.0
CUST-12431,36.0,Female,12.0,29.0,4.0,4.0,Standard,Quarterly,1146.75,9.0,0.0
CUST-12432,53.0,Female,42.0,20.0,3.0,0.0,Standard,Annual,4957.36,28.0,0.0
CUST-12433,27.0,Male,5.0,10.0,2.0,2.0,Basic,Monthly,750.94,8.0,0.0
CUST-12434,50.0,Male,44.0,23.0,2.0,21.0,Standard,Annual,5320.03,28.0,0.0
CUST-12435,67.0,Female,50.0,9.0,2.0,0.0,Standard,Monthly,5593.97,27.0,0.0
CUST-12436,22.0,Male,42.0,2.0,1.0,2.0,Basic,Quarterly,3643.13,16.0,0.0
CUST-12437,64.0,Male,38.0,28.0,2.0,0.0,Premium,Monthly,4585.17,21.0,0.0
CUST-12438,66.0,Male,12.0,14.0,2.0,1.0,Premium,Quarterly,1201.57,3.0,0.0
CUST-12439,52.0,Female,39.0,16.0,2.0,8.0,Basic,Monthly,3036.39,5.0,0.0
CUST-12440,61.0,Female,18.0,1.0,2.0,3.0,Premium,Annual,2485.96,21.0,0.0
CUST-12441,51.0,Male,2.0,2.0,2.0,4.0,Standard,Monthly,612.71,25.0,1.0
CUST-12442,50.0,Female,10.0,7.0,4.0,1.0,Standard,Monthly,1588.37,23.0,0.0
CUST-12443,38.0,Female,15.0,29.0,2.0,8.0,Premium,Annual,1486.27,13.0,1.0
CUST-12444,34.0,Female,30.0,10.0,1.0,9.0,Basic,Monthly,3775.81,18.0,0.0
CUST-12445,39.0,Female,44.0,22.0,1.0,1.0,Premium,Monthly,5056.72,21.0,0.0
CUST-12446,65.0,Female,58.0,20.0,1.0,0.0,Basic,Quarterly,4444.05,16.0,0.0
CUST-12447,54.0,Male,17.0,1.0,3.0,0.0,Premium,Annual,1830.38,25.0,0.0
CUST-12448,32.0,Female,4.0,13.0,0.0,7.0,Standard,Monthly,948.68,14.0,0.0
CUST-12449,52.0,Male,7.0,1.0,2.0,1.0,Basic,Monthly,924.86,11.0,0.0
CUST-12450,45.0,Female,41.0,5.0,3.0,4.0,Basic,Monthly,2706.28,29.0,0.0
CUST-12451,24.0,Female,31.0,16.0,4.0,1.0,Basic,Annual,3689.16,18.0,0.0
CUST-12452,49.0,Male,51.0,15.0,4.0,1.0,Basic,Monthly,4021.01,8.0,0.0
CUST-12453,28.0,Male,59.0,17.0,2.0,0.0,Basic,Monthly,7126.06,12.0,0.0
CUST-12454,27.0,Female,55.0,28.0,4.0,2.0,Premium,Quarterly,7756.33,19.0,0.0
CUST-12455,26.0,Male,39.0,23.0,3.0,0.0,Premium,Monthly,2582.2,20.0,0.0
CUST-12456,31.0,Female,55.0,16.0,7.0,3.0,Premium,Monthly,5473.16,2.0,1.0
CUST-12457,30.0,Male,34.0,13.0,3.0,6.0,Premium,Annual,3576.39,9.0,0.0
CUST-12458,42.0,Male,6.0,11.0,1.0,3.0,Premium,Monthly,1116.41,22.0,0.0
CUST-12459,19.0,Female,50.0,17.0,1.0,8.0,Basic,Quarterly,4552.29,9.0,0.0
CUST-12460,52.0,Female,38.0,17.0,3.0,9.0,Premium,Annual,3900.03,14.0,0.0
CUST-12461,24.0,Female,45.0,2.0,1.0,8.0,Premium,Monthly,2764.78,15.0,0.0
CUST-12462,38.0,Male,58.0,13.0,3.0,19.0,Basic,Monthly,3929.07,11.0,1.0
CUST-12463,35.0,Female,51.0,14.0,2.0,1.0,Standard,Annual,5887.12,29.0,0.0
CUST-12464,20.0,Female,34.0,11.0,1.0,1.0,Standard,Quarterly,2588.39,13.0,0.0
CUST-12465,59.0,Female,44.0,28.0,0.0,6.0,Premium,Monthly,3252.77,24.0,0.0
CUST-12466,56.0,Female,15.0,10.0,1.0,6.0,Standard,Monthly,1386.38,28.0,1.0
CUST-12467,58.0,Female,14.0,3.0,1.0,4.0,Premium,Quarterly,1399.53,25.0,0.0
CUST-12468,66.0,Male,6.0,29.0,0.0,0.0,Basic,Monthly,534.26,5.0,0.0
CUST-12469,28.0,Male,50.0,27.0,1.0,5.0,Basic,Quarterly,4046.62,6.0,0.0
CUST-12470,56.0,Female,37.0,17.0,3.0,18.0,Premium,Annual,2574.8,23.0,0.0
CUST-12471,41.0,Male,50.0,15.0,1.0,2.0,Basic,Monthly,6631.25,5.0,0.0
CUST-12472,63.0,Female,32.0,9.0,1.0,24.0,Basic,Annual,2051.9,1.0,1.0
CUST-12473,36.0,Male,3.0,10.0,3.0,3.0,Standard,Quarterly,659.2,25.0,0.0
CUST-12474,21.0,Female,3.0,8.0,1.0,1.0,Premium,Monthly,726.04,18.0,0.0
CUST-12475,43.0,Female,22.0,21.0,3.0,3.0,Basic,Quarterly,2807.16,23.0,1.0
CUST-12476,55.0,Male,22.0,13.0,7.0,4.0,Basic,Quarterly,1363.78,28.0,0.0
CUST-12477,59.0,Male,10.0,27.0,3.0,6.0,Standard,Monthly,1805.42,24.0,1.0
CUST-12478,49.0,Male,51.0,18.0,3.0,4.0,Standard,Monthly,6574.21,8.0,1.0
CUST-12479,56.0,Female,3.0,5.0,2.0,5.0,Basic,Quarterly,643.57,17.0,0.0
CUST-12480,62.0,Female,12.0,6.0,1.0,0.0,Premium,Quarterly,1096.77,26.0,0.0
CUST-12481,63.0,Male,29.0,17.0,8.0,2.0,Standard,Annual,3643.82,23.0,0.0
CUST-12482,53.0,Female,48.0,11.0,4.0,2.0,Premium,Annual,6957.28,25.0,0.0
CUST-12483,57.0,Male,17.0,20.0,2.0,30.0,Basic,Monthly,1723.4,11.0,1.0
CUST-12484,54.0,Male,7.0,16.0,3.0,2.0,Standard,Quarterly,1099.42,11.0,1.0
CUST-12485,50.0,Female,13.0,9.0,1.0,15.0,Premium,Monthly,1202.51,3.0,1.0
CUST-12486,53.0,Male,56.0,2.0,1.0,2.0,Standard,Monthly,5438.9,8.0,0.0
CUST-12487,20.0,Male,2.0,5.0,1.0,0.0,Basic,Monthly,443.14,8.0,0.0
CUST-12488,26.0,Male,4.0,1.0,1.0,1.0,Premium,Quarterly,770.77,25.0,0.0
CUST-12489,25.0,Male,10.0,4.0,4.0,2.0,Standard,Monthly,1011.58,24.0,0.0
CUST-12490,50.0,Male,39.0,4.0,3.0,26.0,Premium,Monthly,2286.65,21.0,1.0
CUST-12491,23.0,Male,24.0,22.0,2.0,7.0,Basic,Monthly,3244.04,21.0,0.0
CUST-12492,58.0,Female,17.0,26.0,2.0,18.0,Standard,Monthly,2068.95,3.0,0.0
CUST-12493,56.0,Male,52.0,25.0,4.0,12.0,Premium,Annual,4673.09,28.0,0.0
CUST-12494,21.0,Female,6.0,3.0,3.0,6.0,Standard,Annual,1216.62,22.0,0.0
CUST-12495,30.0,Male,19.0,9.0,2.0,7.0,Basic,Quarterly,1720.43,10.0,1.0
CUST-12496,66.0,Male,5.0,22.0,4.0,6.0,Basic,Quarterly,570.84,19.0,1.0
CUST-12497,19.0,Female,32.0,23.0,3.0,7.0,Basic,Quarterly,4267.93,14.0,0.0
CUST-12498,22.0,Female,10.0,12.0,3.0,2.0,Basic,Quarterly,1697.46,18.0,0.0
,,,,,,,,,,,
